time(ms),acc.x,acc.y,acc.z,acclinear.x,acclinear.y,acclinear.z,gravity.x,gravity.y,gravity.z,gyroscope.x,gyroscope.y,gyroscope.z,RV.x,RV.y,RV.z,RV.cos,RV.heading
1,-0.21195,0.17595,11.04705,0.224,-0.124,1.253,-0.429,0.287,9.793,0.061875,-0.4054875,0.0484,0.024472,-0.009775,-0.977486,0.209347,0
42,-0.51105005,0.46305,8.766001,-0.251,0.042,-1.036,-0.252,0.42,9.794,0.2003375,0.019524999,0.0143,0.017061,-0.01827,-0.977622,0.208875,0
81,-0.44400004,0.55605,10.120951,-0.097,0.121,0.329,-0.365,0.437,9.79,-0.0276375,0.0462,0.0526625,0.022935,-0.017866,-0.977093,0.210813,0
121,-0.504,0.33600003,9.71595,-0.12,-0.127,-0.052,-0.342,0.44,9.79,0.0160875,-0.064625,0.0378125,0.021846,-0.01826,-0.977025,0.21121,0
161,-0.17400001,0.32895002,9.798,0.186,-0.092,0.001,-0.35,0.419,9.791,-0.0691625,0.113299996,0.0495,0.021991,-0.017126,-0.976825,0.212215,0
202,-0.17595,0.36900002,10.102051,0.212,-0.018,0.3,-0.375,0.386,9.791,-0.0308,0.09515,0.032449998,0.022938,-0.015176,-0.976653,0.213051,0
241,-0.32505003,0.52995,9.4150505,0.062,0.115,-0.406,-0.389,0.402,9.79,0.0363,-0.0251625,0.021724999,0.023777,-0.015797,-0.976511,0.213564,0
281,-0.049050003,0.28800002,9.802051,0.304,-0.103,0,-0.345,0.389,9.792,-0.0979,0.0015125,-0.0048125,0.021402,-0.015466,-0.976505,0.213869,0
321,-0.82005006,0.36195,9.89295,-0.446,-0.011,0.095,-0.37,0.365,9.792,0.0268125,-0.0273625,-0.009075,0.022445,-0.014154,-0.976569,0.213559,0
362,-0.58995,0.35505003,9.675,-0.219,-0.02,-0.122,-0.366,0.374,9.792,-0.01485,-0.028324999,0.042075,0.022325,-0.014671,-0.976477,0.213956,0
401,-0.46305,0.31695002,10.00605,-0.084,-0.04,0.204,-0.378,0.353,9.792,-0.066,0.020624999,0.0441375,0.022714,-0.013487,-0.976316,0.214729,0
441,-0.69795,0.20700002,10.59,-0.286,-0.122,0.79,-0.408,0.326,9.792,0.0320375,0.0451,0.03355,0.023917,-0.011784,-0.97615,0.215451,0
481,-0.55905,0.33105,9.132,-0.154,-0.044,-0.665,-0.403,0.371,9.791,0.128975,-0.0422125,0.0122375,0.024183,-0.0142,-0.975987,0.216012,0
521,-0.76305,0.28995,10.116,-0.311,-0.084,0.317,-0.453,0.369,9.789,-0.0446875,0.1175625,0.124025,0.026651,-0.013384,-0.975716,0.216998,0
562,0.12900001,0.372,9.73995,0.563,-0.009,-0.05,-0.44,0.376,9.789,0.0853875,-0.098725,0.0845625,0.025987,-0.014025,-0.975173,0.219464,0
601,-0.06105,0.45795003,9.943951,0.29,0.042,0.178,-0.371,0.393,9.791,-0.0180125,0.005775,-0.009075,0.022879,-0.015395,-0.97512,0.219952,0
641,-0.24105,0.36195,9.943951,0.139,-0.045,0.151,-0.37,0.399,9.791,0.114125,0.03025,0.0259875,0.022932,-0.015742,-0.975201,0.219564,0
681,-0.43005002,0.504,9.25395,-0.08,0.063,-0.542,-0.341,0.44,9.79,0.014025,-0.1252625,-0.0314875,0.021799,-0.018111,-0.975184,0.21957,0
722,-0.56205004,0.31005,10.21905,-0.233,-0.117,0.422,-0.324,0.416,9.792,-0.0510125,-0.00495,0.0281875,0.020798,-0.017077,-0.975269,0.219376,0
761,-0.31500003,0.372,9.826051,0.063,-0.029,-0.012,-0.335,0.41,9.792,0.0427625,0.019524999,0.0537625,0.021308,-0.016647,-0.975066,0.220259,0
801,-0.74595004,0.52005005,9.65205,-0.441,0.087,-0.175,-0.335,0.43,9.791,0.0394625,-0.030524999,-0.0166375,0.021515,-0.017647,-0.97502,0.220363,0
841,-0.40395,0.56100005,9.490951,0.077,0.102,-0.297,-0.349,0.442,9.79,-0.039325,0.0078375,0.0836,0.022374,-0.018055,-0.97481,0.221172,0
881,-0.33405003,0.48195,10.530001,0.019,0.064,0.736,-0.346,0.413,9.791,-0.073425,-0.0177375,0.0100375,0.021908,-0.016581,-0.974637,0.222096,0
922,-0.25305,0.49905002,9.72795,0.086,0.063,-0.066,-0.331,0.427,9.791,0.0939125,-0.00495,0.0196625,0.021312,-0.017477,-0.974584,0.222319,0
961,-0.37500003,0.48900002,9.64395,-0.05,0.025,-0.133,-0.344,0.45,9.79,0.0044,0.0462,0.0185625,0.022235,-0.018504,-0.974467,0.222658,0
1001,-0.31005,0.46800002,9.58695,0.038,0.023,-0.228,-0.351,0.453,9.789,1.38E-04,0.0089375,0.0015125,0.022654,-0.01856,-0.974436,0.222745,0
1041,-0.52305,0.513,9.68505,-0.15,0.042,-0.105,-0.366,0.448,9.789,-0.04895,0.004675,0.0174625,0.023329,-0.01812,-0.974468,0.222572,0
1082,-0.39600003,0.43905002,10.135051,-0.035,0.004,0.342,-0.359,0.431,9.79,-0.038225,-0.0655875,0.03355,0.02279,-0.017353,-0.974372,0.223107,0
1121,-0.27705002,0.40305,10.15005,0.096,-0.04,0.341,-0.341,0.422,9.791,0.0246125,0.002475,0.06765,0.021795,-0.017086,-0.974185,0.224042,0
1161,-0.030000001,0.50100005,9.72795,0.269,0.048,-0.107,-0.309,0.441,9.791,0.0501875,-0.0496375,0.0132,0.02047,-0.018377,-0.973969,0.225005,0
1201,-0.28905,0.46305,9.807,0.014,0.012,0.014,-0.3,0.45,9.791,0.02145,0.0578875,0.0207625,0.020157,-0.018939,-0.974006,0.224825,0
1241,-0.16395001,0.52500004,9.453,0.135,0.055,-0.338,-0.299,0.462,9.791,0.0033,-0.0655875,-0.0218625,0.020114,-0.019574,-0.974074,0.224479,0
1281,-0.44400004,0.47505003,9.92895,-0.15,0.012,0.137,-0.285,0.45,9.792,-0.072325,-0.00385,-0.00275,0.019526,-0.019009,-0.974211,0.223985,0
1321,-0.058950003,0.39795002,10.189951,0.227,-0.036,0.408,-0.293,0.43,9.792,0.010725,0.113299996,0.0270875,0.019515,-0.018055,-0.97411,0.224504,0
1361,-0.31995,0.52995,9.56805,0,0.064,-0.229,-0.313,0.452,9.791,0.064075,-0.031625,-0.042075,0.020764,-0.018921,-0.974099,0.224369,0
1401,-0.60495,0.47205,9.56295,-0.284,0,-0.229,-0.315,0.462,9.79,-0.054175,0.0462,-0.0389125,0.020964,-0.019323,-0.974326,0.223326,0
1441,-0.34095,0.324,10.066051,0.002,-0.124,0.274,-0.342,0.437,9.79,0.011825,0.002475,0.0185625,0.022035,-0.017845,-0.974349,0.223244,0
1482,-0.27705002,0.48000002,9.835951,0.062,0.036,0.07,-0.334,0.44,9.791,-0.003025,0.011,-0.0133375,0.021634,-0.018115,-0.974534,0.222456,0
1521,-0.351,0.52500004,9.856951,0.024,0.054,0.07,-0.338,0.448,9.79,0.0587125,-0.00385,0.0270875,0.021897,-0.018537,-0.974718,0.221587,0
1561,-0.45405003,0.54405004,9.474,-0.117,0.063,-0.323,-0.332,0.467,9.789,-9.63E-04,-0.014575,0.005775,0.021804,-0.019511,-0.974617,0.221954,0
1601,-0.59805006,0.50100005,9.723001,-0.265,0.032,-0.079,-0.317,0.457,9.79,-0.0435875,-0.15619999,0.0611875,0.020958,-0.019145,-0.974532,0.222441,0
1642,0.097950004,0.28095,10.329,0.361,-0.154,0.598,-0.266,0.426,9.793,-0.1266375,-0.00605,0.0473,0.018686,-0.018416,-0.974296,0.223737,0
1681,-0.39600003,0.381,10.273951,-0.156,-0.03,0.434,-0.252,0.412,9.794,0.0757625,-0.047575,-0.062425,0.017231,-0.017609,-0.97445,0.223248,0
1721,-0.74100006,0.63795,9.783,-0.449,0.206,0.013,-0.258,0.446,9.793,0.0820875,-0.06985,0.0548625,0.017921,-0.019278,-0.974519,0.22275,0
1761,0.42600003,0.43905002,9.996,0.585,-0.053,0.19,-0.163,0.489,9.793,0.1397,-0.331925,0.0697125,0.013736,-0.022459,-0.974142,0.224396,0
1802,-0.14295001,0.717,9.216001,-0.066,0.161,-0.583,-0.069,0.546,9.791,0.052249998,-0.097625,-0.0741125,0.009714,-0.026379,-0.974165,0.224077,0
1843,0.048,0.37695003,9.975,0.085,-0.17,0.178,-0.044,0.538,9.791,-0.106425,-0.0603625,0.038775,0.008365,-0.026237,-0.974326,0.223449,0
1881,-0.411,0.42900002,10.04205,-0.407,-0.052,0.203,-0.042,0.501,9.793,0.0075625,-0.0496375,-0.0207625,0.00778,-0.02447,-0.974354,0.223548,0
1921,0.25605002,0.32205,10.03695,0.226,-0.164,0.258,-0.009,0.504,9.793,0.0501875,-0.063525,0.038775,0.00622,-0.024983,-0.974211,0.224164,0
1961,0.012,0.61800003,9.490951,-0.005,0.084,-0.312,0.005,0.528,9.792,0.045925,-0.030524999,0.0463375,0.005783,-0.026312,-0.974089,0.224553,0
2001,0.165,0.58695,10.30305,0.158,0.051,0.504,0.004,0.534,9.792,0.011825,0.1155,-0.025024999,0.005888,-0.026608,-0.973992,0.224933,0
2041,-0.23400001,0.74805003,9.505051,-0.237,0.192,-0.296,0.005,0.57,9.79,0.0917125,-0.10615,-0.0314875,0.006147,-0.028529,-0.97413,0.224092,0
2081,0.342,0.46800002,10.276051,0.311,-0.131,0.481,0.029,0.595,9.788,0.144925,0.0345125,0.0037125,0.005421,-0.03004,-0.974038,0.224313,0
2121,-0.246,0.76905006,9.229951,-0.298,0.097,-0.562,0.053,0.665,9.783,0.097075,-0.1370875,-0.0378125,0.004926,-0.033683,-0.974081,0.223622,0
2161,-0.13995,0.657,9.477,-0.173,-0.014,-0.317,0.037,0.667,9.783,-0.056375,0.1122,0.0165,0.006095,-0.033539,-0.974084,0.223602,0
2201,0.00705,0.59505004,9.99195,-0.001,-0.034,0.196,0,0.616,9.787,-0.2321,0.106975,0.004675,0.00703,-0.03087,-0.974114,0.223829,0
2241,-0.32895002,0.52500004,10.399051,-0.267,-0.045,0.602,-0.059,0.563,9.79,0.0842875,0.036575,0.022824999,0.009456,-0.027384,-0.974147,0.224048,0
2281,0.37395,0.58005005,9.618,0.382,-0.034,-0.171,-0.014,0.606,9.787,0.0490875,-0.1263625,0.03025,0.007571,-0.030046,-0.973963,0.224575,0
2321,-0.411,0.78795004,10.17105,-0.4,0.164,0.373,-0.008,0.612,9.787,0.0075625,0.037675,-0.0166375,0.007452,-0.030332,-0.97402,0.224293,0
2361,0.63195,0.66405004,10.090051,0.609,0.014,0.293,0.02,0.642,9.785,0.1406625,-0.0922625,0.0793375,0.006366,-0.032145,-0.973712,0.225412,0
2402,-0.32505003,0.94605005,9.297001,-0.399,0.254,-0.451,0.045,0.698,9.781,0.028875,-0.0262625,-0.1007875,0.005742,-0.035266,-0.973809,0.224538,0
2441,0.165,0.63795,9.678,0.174,-0.041,-0.139,0.019,0.683,9.782,-0.0925375,0.1868625,4.13E-04,0.00701,-0.03407,-0.973983,0.223933,0
2481,-0.16395001,0.657,10.06305,-0.061,-0.016,0.375,-0.06,0.642,9.785,-0.104225,0.1122,-0.0187,0.010359,-0.031257,-0.974099,0.223707,0
2521,0.23895001,0.609,9.927,0.263,-0.045,0.13,-0.031,0.644,9.785,0.1439625,-0.1337875,-0.043175,0.00893,-0.0317,-0.974173,0.223384,0
2561,-0.33405003,0.70905006,9.637051,-0.288,0.025,-0.153,-0.037,0.682,9.782,0.02145,0.1122,-0.0378125,0.009627,-0.03352,-0.974375,0.222205,0
2602,-0.29595003,0.68805003,9.831,-0.198,0.002,0.037,-0.087,0.678,9.782,-0.0094875,0.0163625,0.0259875,0.012039,-0.03276,-0.97435,0.222312,0
2641,0.031050002,0.55095005,9.975,0.139,-0.138,0.213,-0.084,0.67,9.783,-0.0180125,0.06215,0.040975,0.011857,-0.032345,-0.974244,0.222845,0
2681,-0.09195001,0.80505,10.02,0.031,0.124,0.228,-0.113,0.679,9.782,0.1183875,0.02805,0.03355,0.013386,-0.032474,-0.974055,0.223566,0
2721,-0.19800001,0.78105,9.69705,-0.097,0.047,-0.095,-0.093,0.728,9.779,0.045925,-0.088,0.0495,0.012918,-0.035201,-0.973844,0.224101,0
2762,0.12195001,0.82005006,9.74505,0.213,0.079,-0.039,-0.091,0.737,9.778,0.0235125,0.0930875,4.13E-04,0.013002,-0.035629,-0.973607,0.225057,0
2801,-0.39195,0.77895004,9.63195,-0.281,0.003,-0.12,-0.113,0.745,9.777,-0.022275,-0.0017875,0.025024999,0.014194,-0.035743,-0.973683,0.224637,0
2841,0.15300001,0.75705004,9.75405,0.253,0.015,-0.026,-0.104,0.733,9.778,-0.0328625,-0.0166375,0.0100375,0.013609,-0.035244,-0.973518,0.225463,0
2881,-0.018000001,0.702,10.003051,0.076,-0.028,0.217,-0.09,0.723,9.779,0.0086625,-0.00275,0.0154,0.012788,-0.034918,-0.973645,0.225016,0
2921,0.108,0.73800004,9.77595,0.154,0.003,-0.04,-0.072,0.731,9.779,0.0416625,0.0089375,-0.0048125,0.012025,-0.035577,-0.973662,0.224882,0
2962,-0.19305001,0.74805003,9.501,-0.108,0,-0.285,-0.081,0.736,9.778,-0.0765875,0.019524999,-0.0325875,0.012513,-0.035676,-0.973752,0.224446,0
3001,-0.15,0.56595004,10.153951,-0.052,-0.135,0.365,-0.097,0.693,9.781,-0.0532125,0.0345125,-0.028324999,0.012761,-0.033383,-0.973944,0.223952,0
3041,-0.32700002,0.642,9.88395,-0.221,-0.036,0.092,-0.109,0.675,9.782,-0.0350625,-0.0422125,0.0270875,0.013127,-0.032322,-0.974099,0.223414,0
3081,0.055050004,0.68595004,9.77595,0.113,0.007,-0.044,-0.099,0.673,9.783,0.0427625,0.02805,0.004675,0.012657,-0.032365,-0.973953,0.224068,0
3121,-0.18795002,0.76905006,9.541051,-0.08,0.076,-0.247,-0.096,0.686,9.782,-0.022275,-0.04015,0.0143,0.012616,-0.032995,-0.973963,0.223937,0
3161,-0.064050004,0.68595004,9.55605,0.044,0.01,-0.235,-0.099,0.67,9.783,-0.0851125,-0.00605,0.006875,0.012591,-0.032114,-0.97393,0.224207,0
3202,0.076950006,0.57795,9.75405,0.171,-0.04,-0.034,-0.106,0.607,9.787,-0.25025,0.188925,-0.0400125,0.012243,-0.028974,-0.974103,0.223905,0
3241,-0.42000002,0.50595003,10.51605,-0.212,-0.042,0.656,-0.182,0.532,9.79,-0.0319,0.0248875,-0.0218625,0.015124,-0.024397,-0.974343,0.223225,0
3281,0.043050002,0.597,9.68295,0.155,0.014,-0.079,-0.142,0.544,9.79,-0.01265,-0.047575,-0.0474375,0.013263,-0.025438,-0.974446,0.222778,0
3321,-0.20700002,0.549,9.75,-0.041,0.008,-0.052,-0.164,0.536,9.79,0.02255,0.0589875,-0.0581625,0.014245,-0.02482,-0.974712,0.221624,0
3362,-0.50205004,0.64500004,9.526951,-0.3,0.108,-0.269,-0.189,0.531,9.79,-0.1203125,-0.0188375,-0.0133375,0.015418,-0.024317,-0.974931,0.220633,0
3401,0.14595,0.47205,10.00605,0.309,0.011,0.203,-0.173,0.478,9.793,-0.087175,-0.0528,-0.0506,0.014485,-0.021835,-0.975008,0.220615,0
3441,-0.42795002,0.47700003,9.891001,-0.316,0.018,0.12,-0.147,0.457,9.794,-0.0339625,-0.0433125,-0.0804375,0.012428,-0.02114,-0.975462,0.218795,0
3481,-0.040050004,0.372,9.793051,0.13,-0.076,-0.002,-0.158,0.443,9.795,-0.01375,0.0143,0.0515625,0.012819,-0.020324,-0.975488,0.218733,0
3522,-0.19095,0.53205,9.975,-0.035,0.097,0.174,-0.155,0.433,9.795,-0.0691625,0.015262499,-0.077275,0.012558,-0.019779,-0.975516,0.218673,0
3561,-0.70005006,0.44400004,10.36995,-0.472,0.004,0.528,-0.167,0.431,9.795,0.0831875,-0.0677875,0.0292875,0.013112,-0.019605,-0.975728,0.21771,0
3601,0.028950002,0.48000002,9.538951,0.179,0.01,-0.26,-0.152,0.466,9.794,0.0331375,0.086625,0.0430375,0.012779,-0.0215,-0.975434,0.218864,0
3641,-0.030000001,0.60405004,9.988951,0.152,0.126,0.19,-0.179,0.472,9.793,0.0405625,-0.0155375,-0.0325875,0.014233,-0.021556,-0.97536,0.2191,0
3681,-0.45105,0.53205,9.814051,-0.275,0.029,0.014,-0.173,0.501,9.792,0.0726,0.0174625,-0.0081125,0.014254,-0.023092,-0.975521,0.218222,0
3722,-0.094950005,0.55395,9.28995,0.109,0.02,-0.501,-0.191,0.524,9.79,0.0182875,0.053625,-0.0155375,0.015384,-0.023954,-0.975437,0.218428,0
3761,-0.61005,0.50805,9.964951,-0.345,0.008,0.165,-0.253,0.495,9.79,-0.1288375,0.19965,0.0154,0.018136,-0.021861,-0.975513,0.218095,0
3801,0.19905001,0.39795002,9.844951,0.465,-0.068,0.042,-0.273,0.463,9.791,0.010725,-0.0848375,0.108075,0.018796,-0.019988,-0.975214,0.219553,0
3841,0.010050001,0.669,9.58005,0.226,0.202,-0.217,-0.226,0.464,9.793,-0.0743875,-0.00275,-0.0229625,0.016441,-0.020516,-0.975194,0.219784,0
3881,-0.01305,0.62295,9.795,0.185,0.177,-0.042,-0.2,0.437,9.794,-0.1192125,-0.061325,-0.0187,0.014797,-0.019407,-0.975302,0.219522,0
3922,-0.55905,0.37905002,10.03695,-0.368,-0.028,0.227,-0.189,0.395,9.796,-0.155375,-0.079475,-0.0314875,0.013858,-0.017581,-0.975465,0.219011,0
3961,-0.38895002,0.14205001,10.324051,-0.191,-0.226,0.526,-0.188,0.363,9.798,0.0363,-0.0763125,0.1155,0.013432,-0.015955,-0.975279,0.219987,0
4001,0.18405001,0.37695003,9.76395,0.268,-0.002,-0.005,-0.132,0.384,9.798,0.0257125,-0.046475,-0.0176,0.010939,-0.017605,-0.974971,0.22136,0
4042,-0.648,0.27795002,10.16205,-0.491,-0.11,0.362,-0.148,0.383,9.798,0.027775,0.0462,0.0154,0.011697,-0.017389,-0.975113,0.220713,0
4081,-0.37005,0.13695,10.300051,-0.202,-0.267,0.5,-0.163,0.406,9.796,0.15345,-0.0561,0.1390125,0.01276,-0.018377,-0.974743,0.222204,0
4122,-0.00105,0.31695002,9.7570505,0.173,-0.134,-0.042,-0.173,0.448,9.794,0.12155,0.06325,0.082499996,0.013774,-0.020282,-0.974146,0.224584,0
4161,-0.34395,0.3,9.7900505,-0.138,-0.189,-0.027,-0.188,0.475,9.793,0.1013375,-0.0198,0.1016125,0.014825,-0.021442,-0.973828,0.225786,0
4201,0.20400001,0.52005005,9.321,0.404,0.018,-0.502,-0.172,0.512,9.791,0.094875,-0.0166375,0.1208625,0.014536,-0.023428,-0.973236,0.228145,0
4241,0.11505,0.55605,9.702001,0.234,0.019,-0.094,-0.125,0.524,9.791,-0.0350625,-0.0496375,0.025024999,0.01231,-0.024565,-0.972905,0.229563,0
4282,0.13905,0.65895003,9.69705,0.245,0.135,-0.108,-0.109,0.518,9.792,-0.056375,0.0567875,0.0015125,0.01151,-0.024445,-0.972823,0.229966,0
4321,-0.47295,0.52305,10.19295,-0.373,0.012,0.408,-0.13,0.491,9.793,-0.07865,-0.0251625,-0.027224999,0.012222,-0.022849,-0.972983,0.229416,0
4361,-0.123,0.35295,10.200001,-0.012,-0.136,0.393,-0.11,0.476,9.794,0.062975,-0.047575,0.039875,0.011059,-0.022375,-0.972941,0.229701,0
4401,0.02205,0.53895,9.616051,0.119,0.02,-0.176,-0.105,0.51,9.792,0.1056,-0.088,0.0378125,0.01119,-0.02421,-0.972725,0.23042,0
4441,-0.27,0.58695,9.321,-0.207,0.048,-0.475,-0.051,0.537,9.791,-0.0158125,-0.0177375,-0.095425,0.009239,-0.026041,-0.972876,0.22967,0
4482,-0.19800001,0.37395,9.87705,-0.111,-0.142,0.081,-0.079,0.51,9.793,-0.0669625,0.0163625,0.0165,0.009911,-0.024427,-0.97306,0.229038,0
4521,0.024,0.51795,9.690001,0.071,0.025,-0.11,-0.057,0.492,9.794,-0.0339625,-0.062425,-0.0240625,0.008543,-0.023747,-0.97306,0.229163,0
4561,-0.102000006,0.55905,10.144951,-0.027,0.091,0.338,-0.067,0.466,9.795,-0.093637496,0.019524999,0.0356125,0.008811,-0.022292,-0.973124,0.229026,0
4601,0.22695,0.47205,10.11795,0.273,0.01,0.31,-0.056,0.452,9.796,0.0405625,0.0089375,-0.0155375,0.008088,-0.021827,-0.973081,0.229283,0
4641,-0.303,0.55095005,9.63195,-0.247,0.063,-0.165,-0.052,0.481,9.794,0.05555,-0.047575,-0.0485375,0.008229,-0.023338,-0.973239,0.228456,0
4682,-0.052050002,0.50595003,9.606001,-0.021,0.026,-0.205,-0.046,0.491,9.794,-0.01155,0.020624999,-0.0155375,0.008032,-0.023868,-0.973445,0.22753,0
4721,-0.22200002,0.51105005,9.963,-0.144,0.029,0.161,-0.073,0.474,9.794,-0.072325,0.0484,0.0132,0.00913,-0.022702,-0.973508,0.227339,0
4761,-0.06795,0.58695,9.72105,0.015,0.12,-0.083,-0.084,0.465,9.795,0.0171875,0.020624999,0.0015125,0.009562,-0.022113,-0.97352,0.227327,0
4801,-0.40095,0.61800003,10.03905,-0.304,0.148,0.242,-0.096,0.465,9.795,-0.0776875,-0.047575,0.0345125,0.009847,-0.022012,-0.973591,0.22702,0
4841,0.32595003,0.58005005,9.979951,0.387,0.129,0.147,-0.074,0.456,9.795,-0.0020625,0.0185625,0.0174625,0.009009,-0.021782,-0.973367,0.228036,0
4881,-0.21705002,0.606,10.236,-0.13,0.143,0.433,-0.074,0.455,9.795,-0.0339625,0.02915,-0.0826375,0.008958,-0.021764,-0.973642,0.226862,0
4922,0.012,0.48405004,9.90795,0.05,0.022,0.147,-0.076,0.469,9.795,0.0853875,-0.0518375,0.0026125,0.009227,-0.022454,-0.973802,0.226094,0
4961,0.093,0.537,9.670951,0.114,0.052,-0.096,-0.059,0.492,9.794,0.0075625,0.0185625,-0.0485375,0.008642,-0.023754,-0.973847,0.225791,0
5001,-0.25005,0.381,10.056001,-0.16,-0.124,0.216,-0.07,0.492,9.794,0.0757625,0.003575,-0.0166375,0.009157,-0.02366,-0.974047,0.224917,0
5041,-0.19095,0.46305,9.417001,-0.114,-0.058,-0.339,-0.076,0.521,9.792,0.0501875,0.0015125,0.0143,0.009781,-0.025023,-0.973999,0.224949,0
5081,-0.10005,0.48705003,9.87705,-0.009,-0.042,0.082,-0.085,0.519,9.792,0.0097625,0.011,0.0270875,0.010214,-0.024817,-0.97391,0.225338,0
5121,-0.13800001,0.57795,9.55305,-0.049,0.058,-0.244,-0.073,0.526,9.792,-0.01375,-0.0347875,0.0378125,0.00971,-0.025337,-0.973893,0.225378,0
5161,0.24195,0.44595003,10.420051,0.285,-0.071,0.626,-0.054,0.507,9.793,-0.0180125,-0.0070125,0.03025,0.00856,-0.024602,-0.973711,0.226291,0
5201,0.16800001,0.55395,9.7879505,0.186,0.007,-0.012,-0.023,0.537,9.791,0.1577125,-0.1104125,-0.0176,0.007349,-0.026426,-0.973716,0.226105,0
5241,-0.033,0.62805,10.14,-0.044,0.053,0.343,0.017,0.573,9.789,0.0268125,0.0451,-0.1145375,0.005739,-0.028693,-0.973907,0.225051,0
5281,-0.43695003,0.717,10.02705,-0.409,0.112,0.236,-0.026,0.595,9.788,0.0917125,-0.030524999,-0.0070125,0.008091,-0.029419,-0.974232,0.223473,0
5321,0.052950002,0.702,9.77595,0.066,0.054,-0.019,-0.025,0.64,9.785,0.128975,0.0515625,0.0100375,0.008584,-0.031558,-0.974081,0.223821,0
5361,-0.10695001,0.79605,9.40005,-0.056,0.111,-0.356,-0.038,0.691,9.782,0.0598125,0.0237875,-0.0187,0.009856,-0.033977,-0.974036,0.223609,0
5401,-0.08295,0.79800004,9.56505,-0.026,0.079,-0.219,-0.055,0.71,9.78,0.0405625,0.0600875,-0.0198,0.010868,-0.03468,-0.974041,0.223433,0
5441,-0.13800001,0.70005006,9.642,-0.052,-0.035,-0.096,-0.07,0.717,9.78,-0.0424875,0.011,0.0015125,0.011655,-0.034859,-0.97413,0.222978,0
5482,-0.094950005,0.76005006,9.805051,-0.03,0.054,0.012,-0.091,0.707,9.78,0.0416625,0.052525,0.005775,0.012635,-0.034159,-0.974067,0.223308,0
5521,-0.31500003,0.84405005,9.28005,-0.207,0.083,-0.475,-0.106,0.733,9.778,-0.01155,-0.0198,0.0196625,0.01365,-0.035277,-0.973992,0.223398,0
5561,-0.14505,0.69000006,9.967951,-0.028,-0.023,0.175,-0.107,0.702,9.78,-0.099,0.015262499,0.0622875,0.01339,-0.033691,-0.973852,0.224271,0
5601,-0.043950003,0.78105,9.88605,0.063,0.097,0.092,-0.103,0.677,9.782,-0.070125,-0.00385,0.03025,0.012952,-0.03248,-0.973667,0.225275,0
5642,-0.102000006,0.726,10.330951,0.011,0.068,0.539,-0.106,0.653,9.784,-0.0328625,0.0345125,0.0515625,0.012831,-0.031218,-0.973552,0.225958,0
5681,0.08595,0.78795004,9.931951,0.198,0.123,0.091,-0.108,0.661,9.783,0.0501875,-0.0092125,0.0356125,0.012803,-0.031972,-0.973308,0.226902,0
5721,0.07395,0.82005006,9.69705,0.15,0.099,-0.125,-0.081,0.69,9.782,0.0320375,-0.00385,-0.0240625,0.012066,-0.033335,-0.973268,0.226915,0
5761,0.18900001,0.77400005,9.88395,0.249,0.069,0.092,-0.072,0.691,9.781,-0.0829125,0.0015125,-0.0815375,0.011592,-0.033522,-0.973436,0.226194,0
5802,-0.64500004,0.68295,10.465951,-0.545,0.017,0.676,-0.094,0.663,9.783,0.028875,0.02805,-0.0730125,0.012339,-0.031929,-0.973965,0.224095,0
5841,0.20400001,0.66195005,9.711,0.318,-0.029,-0.07,-0.086,0.696,9.781,0.113025,-0.0528,0.0111375,0.012286,-0.033639,-0.973934,0.223984,0
5881,-0.043950003,0.80295,9.199051,0.034,0.069,-0.625,-0.075,0.734,9.778,0.0661375,0.037675,-0.0666875,0.012137,-0.035647,-0.974016,0.223322,0
5921,-0.31500003,0.68595004,9.594001,-0.268,-0.059,-0.122,-0.085,0.726,9.779,-0.1032625,0.0121,-0.117837496,0.012491,-0.035172,-0.974446,0.221499,0
5961,-0.41295,0.58005005,9.675,-0.281,-0.118,-0.111,-0.126,0.69,9.781,-0.0265375,0.020624999,-0.0506,0.014066,-0.032893,-0.974869,0.219885,0
6001,-0.26700002,0.47700003,9.88395,-0.126,-0.191,0.091,-0.132,0.668,9.782,-0.0308,0.0323125,-0.043175,0.014097,-0.031738,-0.97509,0.219071,0
6042,-0.27705002,0.657,9.786,-0.105,0.005,-0.004,-0.166,0.648,9.783,-0.037125,0.0248875,0.0015125,0.015533,-0.030429,-0.975199,0.218675,0
6081,-0.186,0.69705003,9.948001,-0.006,0.056,0.158,-0.171,0.637,9.784,0.0086625,0.0100375,-0.011275,0.015628,-0.02985,-0.97526,0.218474,0
6121,-0.01305,0.79995006,9.56805,0.147,0.145,-0.222,-0.161,0.644,9.784,-0.057475,-0.00605,-0.011275,0.015174,-0.030265,-0.975461,0.217551,0
6161,-0.25500003,0.63495004,10.309951,-0.074,0.012,0.511,-0.17,0.614,9.785,-0.0521125,0.0419375,-0.009075,0.015335,-0.028622,-0.975574,0.217256,0
6201,0.12705001,0.597,9.538951,0.275,-0.019,-0.252,-0.152,0.605,9.786,-0.04675,-0.029424999,-0.044275,0.013961,-0.028468,-0.975705,0.216779,0
6242,-0.42000002,0.42900002,10.003051,-0.233,-0.144,0.208,-0.174,0.567,9.788,-0.055275,0.078099996,-0.0303875,0.015016,-0.026247,-0.975971,0.215788,0
6281,-0.08295,0.47205,9.58695,0.108,-0.091,-0.2,-0.176,0.554,9.789,-0.01155,-0.0528,-0.0048125,0.014879,-0.02569,-0.976017,0.215657,0
6321,-0.44700003,0.45600003,9.838051,-0.263,-0.102,0.016,-0.172,0.538,9.79,-0.0243375,-0.0251625,-0.0389125,0.014537,-0.024933,-0.97617,0.215077,0
6361,-0.33900002,0.53895,9.70905,-0.161,0.012,-0.093,-0.165,0.518,9.791,-0.0979,-0.0188375,0.0015125,0.013877,-0.023936,-0.976291,0.214685,0
6402,-0.26700002,0.42495003,10.365001,-0.066,-0.055,0.571,-0.192,0.477,9.793,-0.0265375,0.0323125,0.0686125,0.01486,-0.021615,-0.976188,0.215332,0
6441,0.40905002,0.597,9.36705,0.513,0.095,-0.422,-0.145,0.49,9.793,0.0160875,-0.0507375,-0.036849998,0.012674,-0.022807,-0.976021,0.216106,0
6481,-0.6,0.55095005,9.975,-0.393,0.026,0.176,-0.178,0.477,9.793,-0.0413875,0.1357125,-0.0314875,0.014101,-0.021812,-0.976332,0.21471,0
6521,0.109950006,0.53895,9.288,0.29,0.058,-0.449,-0.209,0.471,9.793,-0.038225,0.0174625,4.13E-04,0.015586,-0.021196,-0.976283,0.214889,0
6562,-0.54195005,0.47505003,9.738001,-0.286,0.082,-0.11,-0.271,0.407,9.794,-0.326975,0.3370125,-0.0528,0.018598,-0.016961,-0.976505,0.214015,0
6601,-0.052050002,0.25695002,10.686001,0.345,-0.048,0.896,-0.372,0.293,9.795,-0.1703625,0.0441375,-0.0303875,0.021781,-0.010545,-0.976574,0.213816,0
6641,-0.39900002,0.20895001,9.68295,-0.102,-0.057,-0.208,-0.333,0.288,9.796,0.1269125,-0.0837375,-0.117837496,0.019732,-0.010784,-0.976955,0.212254,0
6681,-0.59505004,0.17595,9.573001,-0.242,-0.111,-0.153,-0.342,0.288,9.796,-0.11385,0.070675,-0.0463375,0.020195,-0.010689,-0.977295,0.210646,0
6722,-0.588,0.06105,10.353001,-0.211,-0.182,0.554,-0.373,0.237,9.796,-0.005225,-0.0251625,0.006875,0.021326,-0.007509,-0.977366,0.210339,0
6761,-0.42795002,0.33105,9.477,-0.031,0.062,-0.316,-0.363,0.25,9.796,0.02145,-0.0570625,0.0463375,0.020765,-0.008608,-0.97726,0.210846,0
6801,-0.246,0.32595003,9.946051,0.1,0.084,0.145,-0.345,0.242,9.797,-0.056375,-0.00385,0.0452375,0.019856,-0.008335,-0.977099,0.211689,0
6841,-0.15195,0.37695003,9.927,0.18,0.136,0.117,-0.33,0.231,9.798,-0.045649998,-0.00605,0.0154,0.018975,-0.007957,-0.976985,0.212312,0
6881,-0.351,0.34800002,9.76395,-0.023,0.102,-0.046,-0.316,0.238,9.798,0.0576125,-0.0570625,-0.0229625,0.018315,-0.008499,-0.977061,0.211996,0
6921,-0.35295,0.25005,9.670951,-0.038,-0.001,-0.128,-0.302,0.244,9.798,-0.088275,0.0015125,-0.0081125,0.017693,-0.008927,-0.977151,0.211616,0
6962,-0.384,0.12795001,10.446,-0.062,-0.081,0.647,-0.319,0.204,9.799,-0.0265375,4.13E-04,0.0292875,0.018107,-0.006718,-0.977127,0.211773,0
7001,-0.11895001,0.31005,9.670951,0.191,0.079,-0.129,-0.3,0.22,9.799,0.0598125,-0.0188375,0.023924999,0.017364,-0.007767,-0.976992,0.212424,0
7041,-0.36795002,0.33105,9.68295,-0.073,0.088,-0.128,-0.294,0.237,9.799,0.0235125,0.011,-0.0198,0.017245,-0.008688,-0.977004,0.212342,0
7081,-0.49005002,0.29505002,9.91005,-0.16,0.028,0.13,-0.302,0.243,9.798,-0.0276375,-0.0188375,0.0132,0.017707,-0.008888,-0.977167,0.211543,0
7121,-0.20505,0.29505002,9.982051,0.091,0.042,0.17,-0.295,0.244,9.799,0.0352,-0.0347875,-5.50E-04,0.017371,-0.008942,-0.977183,0.211494,0
7161,-0.56205004,0.3,9.823951,-0.26,0.041,0.021,-0.298,0.258,9.798,0.0268125,0.0451,-5.50E-04,0.017666,-0.00968,-0.977246,0.211146,0
7202,-0.19995001,0.25695002,9.99405,0.121,-0.02,0.185,-0.311,0.265,9.798,0.02145,-0.0092125,0.03135,0.018398,-0.009886,-0.977102,0.211741,0
7241,-0.61200005,0.32595003,9.747001,-0.27,0.043,-0.086,-0.315,0.283,9.797,0.0683375,0.0078375,0.03025,0.018795,-0.010707,-0.977034,0.21198,0
7281,-0.10395,0.31395,9.474,0.184,-0.002,-0.317,-0.306,0.301,9.797,-0.0083875,-0.022,0.038775,0.018551,-0.011692,-0.976805,0.213002,0
7321,-0.38700002,0.27795002,10.14,-0.079,-0.01,0.363,-0.315,0.282,9.797,-0.0413875,0.0589875,0.0165,0.018776,-0.010661,-0.976753,0.213277,0
7362,-0.112050004,0.34095,9.735001,0.19,0.036,-0.031,-0.311,0.291,9.797,0.060775,-0.07315,0.0367125,0.018718,-0.011128,-0.976604,0.213937,0
7401,-0.26205,0.38895002,9.89295,0.014,0.079,0.117,-0.287,0.302,9.797,-0.020075,0.0259875,-0.0059125,0.017603,-0.011916,-0.976564,0.214173,0
7441,-0.14505,0.32595003,9.73995,0.146,0.031,-0.099,-0.283,0.309,9.797,0.05335,-0.013475,0.0037125,0.017485,-0.012304,-0.976463,0.214621,0
7481,-0.40395,0.34095,9.618,-0.144,0.008,-0.14,-0.277,0.317,9.797,-0.0424875,0.0185625,-0.0581625,0.01729,-0.012809,-0.976593,0.214013,0
7521,-0.48000002,0.22305001,10.23795,-0.177,-0.074,0.431,-0.299,0.292,9.797,-0.0191125,-0.0070125,0.0100375,0.018097,-0.011323,-0.976726,0.213425,0
7562,-0.31305,0.36,9.838051,-0.001,0.058,0.036,-0.297,0.295,9.797,0.0257125,0.0067375,0.022824999,0.018062,-0.011479,-0.976708,0.213499,0
7601,-0.27705002,0.42000002,9.68505,0.014,0.113,-0.126,-0.3,0.309,9.797,0.027775,-0.0017875,0.0015125,0.018348,-0.01212,-0.976624,0.213823,0
7641,-0.351,0.34095,9.68505,-0.042,0.025,-0.112,-0.297,0.314,9.797,-0.0350625,0.0143,-0.010175,0.018277,-0.012403,-0.976651,0.213691,0
7681,-0.29595003,0.29505002,10.02705,0.022,-0.017,0.227,-0.308,0.303,9.797,0.0075625,-0.029424999,0.005775,0.018641,-0.011761,-0.976644,0.213728,0
7721,-0.39195,0.264,9.7570505,-0.119,-0.034,-0.045,-0.288,0.307,9.797,-0.003025,0.0015125,-0.0155375,0.017731,-0.012167,-0.976699,0.21353,0
7762,-0.40605003,0.28605002,10.102051,-0.086,-0.011,0.295,-0.308,0.296,9.797,-0.005225,0.003575,0.0270875,0.018601,-0.01143,-0.976654,0.213704,0
7801,-0.21405001,0.35295,9.61095,0.082,0.032,-0.195,-0.286,0.307,9.797,0.0374,-0.047575,0.0132,0.017586,-0.012263,-0.976559,0.214179,0
7841,-0.39600003,0.38595003,10.012951,-0.105,0.07,0.213,-0.288,0.31,9.797,-0.005225,0.0174625,0.0292875,0.017811,-0.012318,-0.976482,0.214506,0
7881,-0.12795001,0.34605002,9.77805,0.117,0.018,-0.031,-0.268,0.321,9.797,0.029975,-0.0570625,0.0143,0.016833,-0.01311,-0.976354,0.21512,0
7921,-0.45900002,0.393,9.7900505,-0.241,0.052,-0.004,-0.262,0.328,9.797,0.0055,-6.88E-04,-0.0176,0.016662,-0.013487,-0.976381,0.214985,0
7962,-0.303,0.23805001,9.880951,-0.035,-0.092,0.077,-0.264,0.323,9.797,-0.01375,-0.00385,0.03355,0.016749,-0.013096,-0.976342,0.21518,0
8001,-0.26700002,0.31395,10.02,0.007,-0.006,0.213,-0.265,0.319,9.797,0.0309375,-0.00495,0.0089375,0.016756,-0.013011,-0.976237,0.215661,0
8041,-0.363,0.39600003,9.61995,-0.081,0.051,-0.167,-0.258,0.343,9.797,0.0565125,-0.0561,0.0356125,0.016655,-0.014236,-0.97616,0.21594,0
8081,0.031050002,0.372,10.281,0.259,0.017,0.458,-0.218,0.363,9.797,0.1098625,-0.120037496,0.0506,0.014917,-0.015697,-0.975967,0.216837,0
8121,-0.25800002,0.40800002,10.003051,-0.093,-0.025,0.228,-0.131,0.439,9.795,0.2600125,-0.315975,-0.0070125,0.011425,-0.020413,-0.975905,0.216935,0
8162,-0.20505,0.60195005,8.883,-0.155,0.076,-0.912,-0.049,0.523,9.792,0.0661375,-0.0240625,0.0185625,0.008238,-0.0255,-0.975857,0.216757,0
8201,-0.076050006,0.52995,10.618951,0.059,0.031,0.829,-0.1,0.485,9.794,-0.1106875,0.0771375,0.076175,0.010383,-0.02307,-0.975653,0.217855,0
8241,0.156,0.64005005,9.570001,0.21,0.129,-0.286,-0.073,0.51,9.793,0.1439625,-0.0752125,0.023924999,0.009372,-0.024574,-0.975409,0.218825,0
8281,0.013950001,0.66195005,9.45495,0.071,0.113,-0.339,-0.059,0.539,9.791,-0.054175,0.0515625,-0.010175,0.008973,-0.026196,-0.975378,0.218792,0
8322,-0.21900001,0.48900002,9.89295,-0.142,-0.041,0.095,-0.075,0.518,9.792,-0.0319,0.015262499,-0.0411125,0.009507,-0.024956,-0.975514,0.218309,0
8361,-0.064050004,0.45795003,9.802051,0.016,-0.054,0,-0.084,0.503,9.793,-0.0286,0.03025,-0.011275,0.00982,-0.024134,-0.975631,0.217865,0
8401,-0.37500003,0.46800002,9.94095,-0.261,-0.026,0.121,-0.106,0.489,9.793,-0.01375,0.021724999,4.13E-04,0.010716,-0.023174,-0.975711,0.217568,0
8441,0.052950002,0.48900002,9.967951,0.158,-0.006,0.162,-0.117,0.483,9.794,-0.005225,0.0270875,0.0259875,0.011241,-0.022734,-0.975594,0.218112,0
8481,-0.33705002,0.52995,9.807,-0.21,0.025,0.013,-0.116,0.491,9.793,0.045925,-0.022,0.005775,0.011563,-0.023198,-0.975586,0.218082,0
8522,0.010050001,0.513,9.658951,0.114,0,-0.136,-0.114,0.503,9.793,-0.023375,-0.00605,0.0356125,0.011304,-0.023769,-0.97545,0.218641,0
8561,-0.19800001,0.51105005,10.141951,-0.078,0.018,0.339,-0.112,0.485,9.793,-0.020075,0.0334125,-0.0048125,0.01101,-0.022906,-0.975421,0.218874,0
8601,-0.042000003,0.50100005,9.673051,0.074,-0.001,-0.123,-0.115,0.492,9.793,0.0394625,-0.0209,0.0259875,0.011253,-0.023238,-0.975348,0.219156,0
8641,-0.06795,0.52305,9.975,0.041,0.025,0.176,-0.109,0.492,9.793,-0.020075,0.0430375,0.0026125,0.01098,-0.023252,-0.975292,0.219416,0
8682,-0.07095,0.50595003,9.71595,0.042,0.003,-0.081,-0.11,0.5,9.793,0.0565125,-0.04015,-0.0070125,0.011052,-0.023738,-0.975293,0.219355,0
8721,-0.14505,0.48900002,9.66405,-0.036,-0.03,-0.136,-0.099,0.507,9.792,-0.04675,0.0089375,-0.0155375,0.010642,-0.02414,-0.975359,0.219038,0
8761,-0.135,0.47700003,9.91695,0.006,-0.013,0.081,-0.115,0.489,9.793,0.014025,0.015262499,-0.0144375,0.0112,-0.023098,-0.975409,0.2189,0
8801,-0.36105,0.51795,9.58395,-0.248,0.024,-0.191,-0.106,0.494,9.793,-0.0521125,-0.022,-0.0325875,0.010775,-0.023377,-0.975555,0.218239,0
8841,-0.27705002,0.48900002,10.36305,-0.137,0.014,0.556,-0.134,0.462,9.794,-0.038225,0.0356125,0.0281875,0.012043,-0.021419,-0.975557,0.218366,0
8882,-0.022950001,0.51105005,9.798,0.102,0.044,0.012,-0.115,0.474,9.794,0.044825,-0.039049998,0.004675,0.011051,-0.022317,-0.97545,0.218804,0
8921,-0.15900001,0.53895,9.963,-0.025,0.064,0.189,-0.124,0.48,9.794,0.0012375,0.0462,0.0143,0.011542,-0.0225,-0.975402,0.218975,0
8961,-0.00405,0.55095005,9.637051,0.106,0.078,-0.191,-0.12,0.493,9.793,0.044825,-0.014575,-0.00275,0.011508,-0.023189,-0.975331,0.219221,0
9002,-0.24105,0.52995,9.946051,-0.11,0.022,0.149,-0.12,0.495,9.793,-0.0446875,0.021724999,-0.012375,0.011547,-0.023301,-0.975393,0.218933,0
9041,0.048,0.42705002,10.02705,0.157,-0.07,0.231,-0.116,0.493,9.793,0.0726,-0.0188375,-0.0070125,0.011298,-0.023349,-0.975399,0.218911,0
9081,-0.147,0.58305,9.54405,-0.022,0.067,-0.23,-0.126,0.517,9.792,0.0086625,0.0908875,-0.0389125,0.012085,-0.024358,-0.975477,0.218412,0
9121,-0.26700002,0.55605,9.867001,-0.102,0.034,0.069,-0.155,0.51,9.792,0.0064625,-0.0188375,-0.0144375,0.013433,-0.02368,-0.975591,0.217899,0
9162,-0.16695,0.57495004,9.46695,-0.027,0.053,-0.325,-0.135,0.518,9.791,-0.0424875,-0.0485375,-0.034649998,0.012455,-0.024279,-0.975688,0.217456,0
9201,-0.303,0.504,10.33395,-0.148,0.004,0.53,-0.15,0.485,9.793,-0.0595375,0.0567875,-0.0166375,0.012881,-0.022524,-0.975823,0.217012,0
9241,-0.08295,0.52695,9.655951,0.061,0.022,-0.149,-0.142,0.495,9.793,0.061875,-0.0336875,-0.0207625,0.012594,-0.023084,-0.975868,0.216769,0
9281,-0.39900002,0.513,10.008,-0.23,0.009,0.204,-0.164,0.494,9.792,-0.0829125,0.072875,-5.50E-04,0.013652,-0.022789,-0.975967,0.216289,0
9321,-0.01305,0.55095005,9.915001,0.154,0.058,0.108,-0.167,0.486,9.793,0.05335,-0.0433125,0.0132,0.013696,-0.022413,-0.975883,0.216706,0
9362,-0.25995,0.55395,9.89595,-0.097,0.041,0.095,-0.161,0.503,9.792,0.02145,0.03025,0.006875,0.013732,-0.02332,-0.975883,0.216607,0
9401,0.081,0.58995,9.319051,0.23,0.063,-0.475,-0.148,0.521,9.791,-0.0072875,-0.0209,-0.0581625,0.013143,-0.024345,-0.975893,0.216488,0
9441,-0.372,0.41505003,10.31505,-0.193,-0.075,0.544,-0.172,0.485,9.793,-0.11385,0.0845625,-0.0218625,0.013985,-0.022176,-0.976182,0.215359,0
9481,-0.04695,0.45105,9.86505,0.144,-0.022,0.067,-0.185,0.471,9.793,0.0650375,-0.0166375,-0.0081125,0.014428,-0.021456,-0.976194,0.215351,0
9521,-0.29295,0.47205,9.868951,-0.105,-0.019,0.067,-0.18,0.482,9.793,-0.01485,0.036575,-0.0081125,0.014293,-0.022012,-0.976248,0.215057,0
9561,-0.13995,0.51795,9.472051,0.046,0.023,-0.326,-0.182,0.493,9.792,0.061875,-0.0507375,0.006875,0.014525,-0.022576,-0.976193,0.215235,0
9602,-0.423,0.47205,10.035001,-0.239,-0.029,0.231,-0.182,0.492,9.792,-0.055275,0.0163625,-0.0048125,0.014513,-0.022513,-0.976223,0.215104,0
9641,0.055050004,0.46995002,9.91695,0.229,-0.022,0.122,-0.175,0.485,9.793,0.047025,-0.047575,0.0026125,0.014025,-0.02232,-0.976174,0.215377,0
9681,-0.42000002,0.51795,9.924001,-0.234,0.027,0.122,-0.174,0.489,9.792,-0.0361625,0.0430375,-0.010175,0.014075,-0.022465,-0.976278,0.214889,0
9721,0.031050002,0.56100005,9.8550005,0.212,0.081,0,-0.184,0.49,9.792,0.0479875,-6.88E-04,0.0132,0.014588,-0.022392,-0.976192,0.215251,0
9762,-0.29805002,0.52695,9.57705,-0.109,0.013,-0.217,-0.176,0.503,9.792,-0.0499125,0.0015125,-0.0198,0.0143,-0.023165,-0.976264,0.214863,0
9801,-0.08505,0.42000002,10.102051,0.101,-0.069,0.231,-0.183,0.478,9.793,-0.004125,-0.0155375,-0.0144375,0.014393,-0.021811,-0.976292,0.214871,0
9841,-0.48495004,0.40500003,9.76395,-0.279,-0.065,0.013,-0.183,0.474,9.793,-0.0350625,0.015262499,-0.0176,0.014306,-0.021613,-0.976438,0.214234,0
9881,-0.186,0.43395,10.092,0.029,-0.033,0.285,-0.206,0.455,9.793,0.011825,0.0270875,0.038775,0.015284,-0.020426,-0.976352,0.214674,0
9921,-0.033,0.57495004,9.60795,0.159,0.096,-0.19,-0.186,0.476,9.793,0.0405625,-0.0336875,-0.0070125,0.0145,-0.021666,-0.976254,0.215052,0
9961,-0.29805002,0.53205,9.702001,-0.097,0.056,-0.108,-0.188,0.488,9.792,0.02145,0.004675,-0.00385,0.01475,-0.022295,-0.976303,0.21475,0
10001,-0.19305001,0.50805,9.817051,-0.005,0.012,0.014,-0.185,0.491,9.792,-0.0169125,0.0121,-0.0059125,0.014615,-0.022431,-0.976298,0.214764,0
10041,-0.25005,0.45600003,10.342951,-0.057,-0.036,0.545,-0.187,0.485,9.792,0.01925,-0.00605,-0.034649998,0.014658,-0.02214,-0.976374,0.214446,0
10081,-0.38700002,0.56100005,9.73995,-0.186,0.041,-0.052,-0.194,0.516,9.791,0.097075,-0.0570625,0.007975,0.015354,-0.023613,-0.976446,0.213912,0
10121,-0.32505003,0.573,10.059,-0.115,0.039,0.248,-0.209,0.532,9.789,0.0385,0.1016125,0.0367125,0.016366,-0.024236,-0.976318,0.214351,0
10162,-0.07095,0.606,9.625051,0.141,0.038,-0.172,-0.209,0.561,9.788,0.0650375,-0.036849998,0.0089375,0.016566,-0.025732,-0.976139,0.214978,0
10201,-0.18795002,0.66195005,9.4459505,0.034,0.072,-0.348,-0.211,0.58,9.787,0.02145,0.0248875,0.0122375,0.016923,-0.026633,-0.9761,0.215015,0
10241,-0.162,0.51795,10.116,0.057,-0.06,0.318,-0.207,0.578,9.787,0.0064625,0.019524999,-0.0229625,0.016662,-0.026549,-0.976117,0.214969,0
10281,-0.33705002,0.62805,9.7879505,-0.118,0.031,-0.006,-0.208,0.594,9.786,0.0735625,-0.07205,0.0132,0.016909,-0.027352,-0.976145,0.214721,0
10321,-0.11595,0.633,10.114051,0.079,0.015,0.32,-0.187,0.611,9.785,0.027775,0.0132,0.007975,0.01609,-0.02841,-0.976044,0.215108,0
10362,-0.19500001,0.67605,9.675,0.038,0.04,-0.167,-0.188,0.64,9.783,0.0917125,-0.064625,0.042075,0.016425,-0.029852,-0.975951,0.215306,0
10401,-0.04695,0.72105,10.267051,0.075,0.037,0.554,-0.157,0.657,9.783,0.0182875,4.13E-04,-0.0292875,0.015062,-0.031014,-0.975904,0.215457,0
10441,-0.30795002,0.78795004,9.61095,-0.133,0.088,-0.245,-0.165,0.697,9.78,0.1769625,-0.0070125,-0.0144375,0.015968,-0.033135,-0.975941,0.214907,0
10481,-0.109050006,0.753,9.802051,0.045,0,0.016,-0.154,0.749,9.776,0.069299996,4.13E-04,-0.011275,0.015907,-0.035672,-0.975896,0.214711,0
10521,-0.28605002,0.94905007,9.172951,-0.125,0.149,-0.606,-0.16,0.79,9.773,0.104499996,-0.0433125,-0.011275,0.016653,-0.037642,-0.975883,0.214377,0
10562,-0.07095,0.73800004,9.951,0.086,-0.055,0.169,-0.154,0.791,9.773,-0.1032625,0.0441375,0.0015125,0.016371,-0.037741,-0.975904,0.214283,0
10601,-0.35595003,0.85800004,9.74295,-0.167,0.078,-0.117,-0.172,0.779,9.774,0.043725,-0.045375,-0.011275,0.017135,-0.036946,-0.975977,0.214031,0
10641,-0.21000001,0.73305005,9.75195,-0.027,-0.049,0.031,-0.162,0.771,9.774,-0.1203125,0.0248875,0.0441375,0.016563,-0.036675,-0.975957,0.214213,0
10681,-0.35295,0.76005006,10.233001,-0.159,0.007,0.452,-0.181,0.741,9.776,0.0416625,-0.0092125,-5.50E-04,0.017161,-0.034982,-0.975882,0.214792,0
10722,-0.20700002,0.80505,9.34305,-0.028,0.042,-0.445,-0.176,0.76,9.775,-0.0361625,-0.00605,0.056925,0.017134,-0.035967,-0.975759,0.215191,0
10761,0.010050001,0.81000006,10.05105,0.188,0.07,0.274,-0.188,0.732,9.777,-0.056375,0.053625,0.0473,0.01728,-0.034468,-0.975529,0.216462,0
10801,-0.010950001,0.79605,9.625051,0.176,0.059,-0.161,-0.176,0.73,9.777,-0.0339625,-0.00605,0.0143,0.016855,-0.034387,-0.975431,0.216947,0
10841,-0.04695,0.71205,10.297951,0.126,-0.012,0.518,-0.167,0.72,9.778,0.081125,0.03135,-0.06765,0.01631,-0.034037,-0.975484,0.216809,0
10881,-0.48000002,0.81195,9.462001,-0.304,0.042,-0.323,-0.172,0.761,9.775,0.0257125,-0.0411125,-0.0207625,0.016977,-0.036028,-0.975671,0.215588,0
10921,-0.29805002,0.76500005,9.915001,-0.092,0.01,0.126,-0.193,0.751,9.775,-0.0158125,0.02915,0.025024999,0.017964,-0.035296,-0.975627,0.21583,0
10961,-0.11400001,0.72105,9.69705,0.078,-0.026,-0.092,-0.186,0.748,9.776,-0.0339625,-0.014575,0.0174625,0.017537,-0.03518,-0.975558,0.216193,0
11001,-0.40095,0.72405005,10.023001,-0.191,-0.016,0.234,-0.202,0.739,9.776,0.052249998,-0.0070125,0.0196625,0.01828,-0.034599,-0.975517,0.216414,0
11041,-0.14295001,0.73605,9.525001,0.046,-0.02,-0.255,-0.182,0.755,9.775,-0.0339625,-0.0262625,0.0378125,0.017495,-0.035642,-0.975365,0.216992,0
11081,-0.23805001,0.72405005,10.291051,-0.031,0.019,0.451,-0.198,0.729,9.777,-0.0072875,0.0675125,0.0185625,0.018059,-0.03412,-0.975265,0.21764,0
11122,-0.009000001,0.846,9.462001,0.182,0.096,-0.323,-0.182,0.748,9.776,0.028875,-0.0507375,0.0089375,0.017166,-0.035471,-0.975154,0.21799,0
11161,-0.06105,0.78795004,10.02495,0.125,0.03,0.247,-0.181,0.745,9.776,-0.022275,0.0578875,0.007975,0.01732,-0.035086,-0.97514,0.218104,0
11201,-0.058950003,0.80805004,9.502951,0.104,0.065,-0.242,-0.172,0.751,9.776,-0.022275,-0.0070125,-0.0730125,0.016936,-0.035503,-0.975231,0.217662,0
11241,-0.41595003,0.62595004,9.996,-0.225,-0.108,0.192,-0.183,0.734,9.777,-0.0094875,0.015262499,-0.0485375,0.017242,-0.03458,-0.975549,0.216357,0
11282,-0.043950003,0.74100006,9.38595,0.157,0.01,-0.379,-0.184,0.738,9.777,0.0097625,0.0015125,-0.0411125,0.017336,-0.034756,-0.975674,0.215756,0
11321,-0.40800002,0.75495005,9.8220005,-0.255,0.019,0.056,-0.194,0.729,9.777,-0.047849998,-0.0081125,-0.0900625,0.017658,-0.034254,-0.976,0.21433,0
11361,-0.28905,0.66405004,9.976951,-0.072,-0.056,0.177,-0.2,0.709,9.778,-0.040425,-0.012375,-0.0187,0.017716,-0.033199,-0.976251,0.213347,0
11401,-0.27,0.68595004,9.939,-0.05,-0.01,0.149,-0.207,0.691,9.78,-0.0424875,0.0132,-0.0207625,0.017881,-0.032195,-0.97635,0.213032,0
11442,-0.41595003,0.67800003,9.82905,-0.191,-0.011,0.039,-0.216,0.678,9.78,-0.0180125,0.0100375,-0.011275,0.018182,-0.031466,-0.976449,0.212664,0
11481,-0.19995001,0.64695,9.90495,0.036,-0.023,0.12,-0.225,0.661,9.781,-0.0361625,0.03135,0.0132,0.018448,-0.030545,-0.976448,0.212781,0
11521,-0.384,0.74505,9.958051,-0.12,0.083,0.174,-0.247,0.652,9.781,-0.0254375,0.0237875,0.0026125,0.019405,-0.029826,-0.976448,0.212798,0
11561,-0.06795,0.65205,9.799951,0.18,-0.013,0.011,-0.248,0.653,9.781,0.0405625,0.0100375,0.0356125,0.019499,-0.02982,-0.976361,0.213188,0
11601,-0.12105001,0.67800003,9.832951,0.128,0.004,0.052,-0.237,0.662,9.781,-0.022275,-0.0017875,-0.0133375,0.019033,-0.030412,-0.976305,0.2134,0
11641,-0.27195,0.67605,9.948001,-0.03,-0.003,0.147,-0.241,0.657,9.781,0.027775,-6.88E-04,0.007975,0.019212,-0.030144,-0.97634,0.213261,0
11681,-0.19095,0.69000006,9.774,0.042,0.01,-0.015,-0.232,0.67,9.78,0.0342375,-0.011275,-0.0048125,0.018911,-0.030921,-0.976295,0.213384,0
11721,-0.372,0.72105,9.637051,-0.138,0.036,-0.15,-0.229,0.685,9.779,0.027775,-0.0336875,-0.034649998,0.018907,-0.031689,-0.976364,0.212958,0
11761,-0.31695002,0.669,9.819,-0.078,-0.01,0.026,-0.235,0.676,9.78,-0.064899996,0.037675,0.0089375,0.019077,-0.031247,-0.976444,0.21264,0
11801,-0.15705001,0.61095005,10.03695,0.096,-0.055,0.242,-0.246,0.654,9.781,-0.006325,0.0078375,0.005775,0.019403,-0.029957,-0.976418,0.212915,0
11842,-0.28605002,0.71205,9.77805,-0.044,0.048,-0.015,-0.241,0.659,9.781,0.01925,-0.011275,0.006875,0.019226,-0.030265,-0.976411,0.212919,0
11881,-0.20700002,0.70500004,9.805051,0.031,0.029,0.011,-0.235,0.665,9.781,0.0012375,0.002475,0.0089375,0.018975,-0.030587,-0.976359,0.213132,0
11921,-0.15,0.81705004,9.66405,0.093,0.136,-0.137,-0.243,0.667,9.78,-0.0072875,0.0259875,-0.00165,0.019384,-0.030622,-0.9763,0.213364,0
11961,-0.45105,0.68100005,9.87705,-0.209,0.018,0.093,-0.239,0.661,9.781,-0.0584375,-0.00275,-0.025024999,0.019122,-0.03035,-0.976426,0.21285,0
12002,-0.21195,0.633,10.123051,0.054,-0.014,0.337,-0.259,0.641,9.782,-0.0191125,0.0259875,0.0281875,0.019888,-0.029151,-0.97641,0.213018,0
12041,-0.28605002,0.64995,9.939,-0.06,0.007,0.147,-0.252,0.645,9.782,0.047025,-0.012375,-0.00385,0.019628,-0.029438,-0.976364,0.213212,0
12081,-0.171,0.666,9.502951,0.086,0,-0.314,-0.25,0.667,9.78,0.064075,-0.00275,0.021724999,0.019731,-0.03053,-0.976281,0.213432,0
12121,-0.35805002,0.67395,9.658951,-0.105,0,-0.055,-0.248,0.666,9.78,-0.0947375,0.02915,-0.0048125,0.019652,-0.030523,-0.976276,0.213462,0
12162,-0.29595003,0.64500004,10.132951,0.008,-0.001,0.269,-0.266,0.641,9.782,0.0268125,-0.00385,0.0174625,0.020296,-0.029045,-0.976254,0.213709,0
12201,-0.23805001,0.73800004,9.364051,0.005,0.077,-0.383,-0.25,0.657,9.781,-0.0308,0.0067375,-0.00165,0.019659,-0.030039,-0.976215,0.213809,0
12241,-0.25800002,0.65205,10.21905,0.022,0.009,0.432,-0.267,0.629,9.782,-0.045649998,0.0143,0.0037125,0.020207,-0.028467,-0.976222,0.213943,0
12281,-0.22395001,0.66195005,9.68505,0.021,0.034,-0.098,-0.252,0.632,9.782,0.0160875,-0.014575,-0.00165,0.019516,-0.028781,-0.976224,0.213952,0
12321,-0.25305,0.666,9.987,-0.013,0.025,0.214,-0.258,0.628,9.783,-0.01375,0.02915,-0.0166375,0.019748,-0.02849,-0.976248,0.213862,0
12362,-0.27705002,0.59505004,9.628051,-0.015,-0.045,-0.167,-0.256,0.63,9.782,0.0182875,-0.0347875,-0.012375,0.01963,-0.028666,-0.976324,0.213503,0
12401,-0.246,0.57795,10.000951,0.026,-0.017,0.267,-0.258,0.616,9.783,-0.054175,0.0419375,-0.0070125,0.0196,-0.027925,-0.976381,0.213344,0
12441,-0.27,0.66195005,9.879001,0,0.038,0.09,-0.259,0.615,9.783,0.0576125,-0.014575,-0.009075,0.019631,-0.027838,-0.976421,0.213169,0
12481,-0.24795002,0.753,9.526951,0.017,0.112,-0.261,-0.262,0.636,9.782,-0.0191125,0.003575,0.0037125,0.019995,-0.028869,-0.976406,0.213066,0
12521,-0.34905002,0.66405004,10.123051,-0.076,0.029,0.336,-0.264,0.624,9.783,-0.005225,0.0121,-0.0240625,0.020065,-0.028252,-0.976472,0.21284,0
12562,-0.44400004,0.67395,9.382951,-0.169,0.025,-0.411,-0.266,0.642,9.781,0.0097625,-0.0592625,-0.0218625,0.020186,-0.02914,-0.976534,0.212421,0
12601,-0.46095002,0.52305,10.342951,-0.171,-0.094,0.554,-0.278,0.611,9.783,-0.08195,0.071775,0.0132,0.020536,-0.027388,-0.976604,0.212302,0
12641,-0.22905001,0.60195005,9.835951,0.066,-0.011,0.05,-0.284,0.61,9.783,0.0906125,-0.0539,0.0345125,0.020798,-0.027349,-0.976481,0.212847,0
12681,-0.20700002,0.74100006,9.58695,0.069,0.103,-0.207,-0.274,0.632,9.782,-0.0191125,0.0493625,0.0430375,0.020527,-0.028537,-0.976322,0.213444,0
12721,0.028950002,0.75000006,9.7570505,0.296,0.116,-0.03,-0.269,0.632,9.782,-0.0083875,-0.00495,0.005775,0.020305,-0.028588,-0.976169,0.214156,0
12761,-0.16695,0.73605,9.285001,0.097,0.103,-0.507,-0.26,0.631,9.782,-0.0680625,0.0919875,-0.0496375,0.019968,-0.028554,-0.976285,0.213664,0
12801,-0.43695003,0.49905002,10.330951,-0.062,-0.088,0.635,-0.346,0.565,9.784,-0.223575,0.188925,-0.0048125,0.023396,-0.024406,-0.976434,0.21315,0
12841,-0.43995002,0.41295,10.408051,-0.068,-0.099,0.579,-0.381,0.521,9.785,0.0598125,-0.0103125,-0.0187,0.024679,-0.02185,-0.97648,0.213072,0
12881,-0.588,0.55095005,9.489,-0.218,-0.011,-0.29,-0.374,0.554,9.783,0.081125,-0.0273625,0.006875,0.025022,-0.0236,-0.976501,0.212747,0
12921,-0.55395,0.58005005,9.60795,-0.152,0.007,-0.18,-0.392,0.564,9.782,-0.020075,0.02805,0.0207625,0.02572,-0.023838,-0.976399,0.213107,0
12962,-0.31995,0.55095005,9.799951,0.081,-0.007,0.009,-0.394,0.552,9.783,-0.0191125,-0.0347875,0.0259875,0.02568,-0.023248,-0.976297,0.213644,0
13001,-0.41295,0.59505004,9.856951,-0.016,0.036,0.063,-0.378,0.549,9.783,0.0033,-0.0273625,0.0143,0.024843,-0.023244,-0.976256,0.213928,0
13041,-0.22395001,0.60405004,9.901051,0.152,0.091,0.131,-0.37,0.548,9.784,-0.020075,-0.0070125,0.032449998,0.024464,-0.023307,-0.976145,0.214473,0
13081,-0.28605002,0.62295,9.880951,0.061,0.06,0.089,-0.347,0.552,9.784,0.027775,-0.022,-0.009075,0.02339,-0.023698,-0.976101,0.21475,0
13122,-0.37500003,0.65400004,9.69705,-0.016,0.091,-0.1,-0.351,0.562,9.784,-0.01485,0.022824999,-0.0048125,0.023659,-0.024178,-0.976111,0.21462,0
13161,-0.35595003,0.549,9.86505,0.009,-0.027,0.063,-0.35,0.558,9.784,-9.63E-04,-0.00275,-0.0133375,0.023557,-0.024001,-0.976139,0.214526,0
13201,-0.60195005,0.61395,9.594001,-0.249,0.052,-0.195,-0.35,0.56,9.784,-0.005225,-0.0166375,-0.0144375,0.023574,-0.024108,-0.976241,0.214047,0
13241,-0.39600003,0.633,10.281,-0.026,0.08,0.485,-0.368,0.545,9.784,-0.0840125,0.0345125,0.0430375,0.024345,-0.023156,-0.976175,0.214367,0
13281,-0.25005,0.606,10.111051,0.115,0.05,0.321,-0.36,0.548,9.784,0.1332375,-0.0570625,0.0441375,0.024,-0.023381,-0.975992,0.215212,0
13321,0.01695,0.86700004,9.1060505,0.341,0.252,-0.684,-0.328,0.605,9.782,0.0363,0.03135,0.0259875,0.023057,-0.026582,-0.975762,0.215984,0
13361,0.00495,0.87900007,9.88605,0.326,0.263,0.092,-0.326,0.608,9.782,-0.0276375,0.0259875,0.0111375,0.023017,-0.026668,-0.975701,0.216254,0
13401,0.109950006,0.87000006,9.52005,0.411,0.235,-0.275,-0.303,0.622,9.782,-0.0286,-0.0103125,-0.03355,0.021966,-0.027679,-0.975717,0.216161,0
13441,-0.22605,0.79095006,10.1970005,0.073,0.174,0.405,-0.292,0.615,9.782,-0.039325,0.0484,-0.0207625,0.021316,-0.02743,-0.97588,0.215524,0
13482,-0.006,0.99000007,9.70695,0.282,0.339,-0.083,-0.282,0.64,9.781,0.0394625,-0.0188375,0.0174625,0.021104,-0.028855,-0.975828,0.215595,0
13521,0.04095,0.93195003,10.05105,0.312,0.268,0.271,-0.273,0.657,9.78,-0.0094875,0.061049998,-0.0303875,0.020855,-0.029743,-0.975787,0.215681,0
13561,-0.72900003,0.85095006,9.508051,-0.467,0.159,-0.325,-0.294,0.683,9.778,0.0735625,0.053625,-0.0815375,0.022221,-0.030893,-0.976006,0.214391,0
13601,-1.0860001,0.58005005,9.69705,-0.73,-0.124,-0.063,-0.369,0.697,9.774,-0.0276375,0.0504625,0.03025,0.026158,-0.030636,-0.976055,0.213759,0
13642,-0.80595005,0.74100006,9.807,-0.385,0.043,0.033,-0.418,0.693,9.773,0.0363,0.0163625,0.143275,0.02849,-0.029931,-0.975614,0.215566,0
13681,-0.49905002,0.83205,9.604051,-0.056,0.135,-0.169,-0.435,0.693,9.772,-0.1203125,0.1271875,0.143275,0.029444,-0.029663,-0.974969,0.218375,0
13721,-0.51600003,0.68805003,10.566001,-0.016,0.029,0.782,-0.489,0.65,9.772,-0.056375,0.1016125,0.193325,0.031721,-0.026825,-0.974255,0.221587,0
13761,-0.60705,1.2550501,9.357,-0.163,0.543,-0.532,-0.498,0.701,9.768,0.2079,0.0143,0.1794375,0.032861,-0.029163,-0.973358,0.225041,0
13801,-1.014,1.4680501,8.410951,-0.503,0.65,-1.326,-0.518,0.834,9.757,0.0055,-0.0774125,0.0845625,0.035395,-0.035456,-0.972451,0.227659,0
13842,-0.76305,1.16205,9.654,-0.23,0.343,-0.115,-0.531,0.814,9.758,-0.2107875,0.003575,0.06655,0.035953,-0.034223,-0.972153,0.229027,0
13881,-0.67905,1.1689501,9.964951,-0.128,0.377,0.194,-0.538,0.766,9.761,-0.122375,-0.013475,0.0165,0.035774,-0.031744,-0.972048,0.229855,0
13922,-0.77505004,1.2240001,9.493951,-0.219,0.454,-0.254,-0.543,0.77,9.761,0.0086625,-0.00495,0.0100375,0.036037,-0.031904,-0.971984,0.230062,0
13961,-0.72405005,1.3270501,8.955001,-0.134,0.509,-0.846,-0.56,0.839,9.754,0.0991375,-0.0231,-0.0059125,0.03769,-0.035204,-0.971798,0.230101,0
14001,-0.29295,1.27695,8.148001,0.256,0.338,-1.616,-0.528,0.928,9.748,0.148225,-0.1018875,-0.0559625,0.037219,-0.039764,-0.971766,0.229574,0
14041,-0.53505003,1.2270001,8.13405,-0.02,0.226,-1.61,-0.51,0.999,9.742,0.128975,0.021724999,-0.16885,0.037006,-0.043746,-0.972128,0.227339,0
14081,-0.79605,1.1040001,7.8870006,-0.251,0.018,-1.845,-0.538,1.085,9.731,0.2503875,-0.0518375,-0.20625,0.03924,-0.047853,-0.972707,0.22363,0
14121,-1.0170001,1.023,7.7629504,-0.438,-0.168,-1.967,-0.57,1.194,9.716,0.2014375,-0.061325,-0.262625,0.041826,-0.053154,-0.973479,0.218549,0
14161,-1.23705,0.91995007,8.988001,-0.633,-0.323,-0.734,-0.592,1.236,9.71,0.1769625,-0.1359875,-0.245575,0.043015,-0.055441,-0.974508,0.213093,0
14201,-0.95895004,1.485,9.321,-0.356,0.16,-0.382,-0.596,1.324,9.698,0.2759625,-0.20735,-0.17215,0.043889,-0.060115,-0.975127,0.208774,0
14241,-0.528,1.23105,11.566951,0.001,-0.149,2.083,-0.518,1.361,9.697,-0.0925375,-0.1519375,-0.161425,0.04027,-0.062694,-0.975923,0.204988,0
14281,-0.966,1.3249501,12.541051,-0.347,-0.069,2.842,-0.605,1.39,9.688,0.434775,0.427625,-0.0900625,0.045306,-0.063656,-0.976101,0.202782,0
14321,-0.06105,1.07595,10.116,0.601,-0.47,0.444,-0.656,1.546,9.661,0.29095,-0.1582625,-0.23705,0.048732,-0.071066,-0.975985,0.200069,0
14362,-1.1719501,0.37905002,11.442,-0.527,-1.101,1.766,-0.643,1.468,9.674,-0.21505,0.257125,-0.3575,0.047113,-0.067051,-0.977704,0.193333,0
14401,-0.86595005,0.31695002,11.442,-0.013,-1.004,1.635,-0.776,1.345,9.682,0.01925,0.086625,-0.0325875,0.052106,-0.05998,-0.978535,0.190144,0
14441,-0.171,0.39105,10.11795,0.556,-0.896,0.409,-0.715,1.273,9.697,-0.2556125,-0.234025,-0.044275,0.048288,-0.056943,-0.978994,0.189727,0
14481,0.28695002,0.39795002,12.891001,0.914,-0.633,3.152,-0.628,1.028,9.732,-0.4697,0.1698125,0.072875,0.041454,-0.044907,-0.979824,0.190288,0
14522,0.74505,1.32,10.873051,1.349,0.333,1.13,-0.613,0.974,9.738,0.2451625,-0.03795,-0.011275,0.040351,-0.043034,-0.979602,0.192088,0
14561,0.177,1.45605,8.644051,0.658,0.377,-1.059,-0.508,1.066,9.735,-9.63E-04,-0.1551,-0.16885,0.035848,-0.048525,-0.980005,0.189604,0
14601,0.30405003,1.0830001,9.738001,0.816,0.067,0.065,-0.503,1.008,9.741,-0.1863125,0.1516625,-0.0804375,0.034937,-0.045759,-0.980591,0.18742,0
14641,0.20400001,0.88905007,9.1390505,0.664,-0.101,-0.606,-0.454,0.987,9.746,0.097075,-0.1007875,-0.1337875,0.03222,-0.04524,-0.98099,0.185935,0
14681,-0.31005,0.80295,8.27505,0.093,-0.218,-1.479,-0.392,1.008,9.746,-0.0286,-0.1232,-0.10175,0.029295,-0.046928,-0.981478,0.183408,0
14722,-0.44400004,0.609,8.919001,-0.05,-0.346,-0.845,-0.385,0.945,9.753,-0.2096875,0.002475,-0.0411125,0.028154,-0.043877,-0.981908,0.182038,0
14761,-0.57405,0.56595004,9.225,-0.182,-0.247,-0.527,-0.389,0.846,9.762,-0.1766875,-0.0507375,0.056925,0.027335,-0.038736,-0.98214,0.182075,0
14801,-0.20505,1.167,8.988001,0.188,0.391,-0.829,-0.393,0.82,9.764,0.043725,0.087725,0.2283875,0.027475,-0.037438,-0.981646,0.184967,0
14841,0.16995001,1.674,7.7629504,0.526,0.721,-2.004,-0.363,0.94,9.754,0.0405625,-0.039049998,0.2380125,0.027335,-0.043612,-0.980478,0.18977,0
14881,-0.45405003,1.34895,8.79,-0.112,0.377,-0.967,-0.336,0.971,9.752,-0.04895,0.088825,0.177375,0.026482,-0.045317,-0.979687,0.193538,0
14921,-0.61200005,1.8319501,8.325001,-0.208,0.783,-1.421,-0.391,1.041,9.743,0.1758625,0.0259875,0.385,0.03021,-0.04831,-0.978309,0.199159,0
14961,0.08400001,1.8229501,8.35095,0.405,0.623,-1.379,-0.324,1.188,9.728,0.2409,-0.2190375,0.30085,0.028728,-0.055994,-0.976549,0.205888,0
15001,-0.23595001,1.47105,8.821051,-0.01,0.193,-0.908,-0.22,1.277,9.72,-0.1181125,-0.062425,0.227425,0.024791,-0.061448,-0.975403,0.21023,0
15041,0.50505,1.18605,10.308001,0.729,-0.029,0.568,-0.229,1.213,9.728,-0.073425,0.2688125,0.243375,0.024861,-0.057991,-0.974399,0.21579,0
15081,0.12900001,1.71,11.059051,0.384,0.464,1.335,-0.258,1.241,9.724,0.180125,-0.14135,0.2954875,0.026906,-0.058954,-0.973271,0.220323,0
15121,1.2760501,1.1689501,9.53205,1.327,-0.215,-0.189,-0.06,1.372,9.709,0.3548875,-0.113575,-0.121,0.018749,-0.068048,-0.972105,0.223669,0
15162,-2.7520502,0.07005,12.340051,-2.688,-1.24,2.621,-0.061,1.294,9.72,-0.7744,-0.10505,-0.328625,0.017452,-0.063871,-0.973952,0.216871,0
15201,-1.4089501,-0.666,16.374,-1.444,-1.721,6.623,0.041,1.068,9.748,-0.070125,-0.3554375,0.2743125,0.009722,-0.053706,-0.97485,0.216072,0
15241,0.60795003,0.22095,11.236051,0.317,-0.943,1.378,0.173,1.161,9.736,0.23333749,-0.2127125,0.1357125,0.004529,-0.059798,-0.973338,0.221393,0
15281,-0.66495,0.55605,11.47395,-0.847,-0.644,1.735,0.193,1.191,9.732,0.128975,0.0323125,0.243375,0.004005,-0.061526,-0.972749,0.223509,0
15322,1.4940001,1.1359501,8.751,1.353,-0.183,-0.88,0.169,1.291,9.719,0.2781625,0.16225,0.1101375,0.006686,-0.066231,-0.971257,0.228533,0
15361,-0.55395,0.63795,8.998051,-0.742,-0.733,-0.631,0.143,1.318,9.716,-0.1362625,-0.081675,-0.20515,0.008154,-0.067309,-0.971655,0.226468,0
15401,0.049950004,0.23295002,10.248,-0.023,-0.961,0.524,0.105,1.207,9.731,-0.16293749,0.2454375,-0.034649998,0.008647,-0.06129,-0.972447,0.224755,0
15441,-1.0860001,0.27795002,8.845051,-1.102,-0.89,-0.897,0.026,1.163,9.737,0.1599125,-0.011275,-0.312675,0.011855,-0.058229,-0.973332,0.221568,0
15482,-1.70595,0.28800002,8.545051,-1.683,-0.858,-1.296,-0.088,1.127,9.741,-0.1703625,0.06325,-0.126225,0.016908,-0.055246,-0.974616,0.216299,0
15521,-0.85605,0.24705002,10.06095,-0.586,-0.722,0.296,-0.258,0.967,9.755,-0.123475,0.1868625,-0.00165,0.023751,-0.045108,-0.97506,0.216005,0
15561,-1.0000501,0.60195005,8.581051,-0.689,-0.334,-1.188,-0.305,0.947,9.756,0.0394625,-0.114675,-0.03575,0.025536,-0.043931,-0.975248,0.215193,0
15601,-0.64500004,0.54195005,9.687,-0.309,-0.378,-0.074,-0.33,0.91,9.758,-0.01265,0.088825,0.0803,0.026508,-0.041725,-0.975251,0.215503,0
15642,0.37800002,1.2889501,7.97805,0.706,0.305,-1.784,-0.339,0.974,9.752,0.3091,-0.0262625,0.06545,0.027725,-0.044806,-0.974697,0.21723,0
15681,0.069000006,1.5330001,7.9609504,0.303,0.424,-1.704,-0.276,1.1,9.74,0.0342375,0.0174625,-0.13805,0.025969,-0.051812,-0.974627,0.2162,0
15721,0.105000004,2.08605,8.713051,0.387,0.877,-1.024,-0.292,1.206,9.727,0.214225,0.0856625,-0.077275,0.027812,-0.056987,-0.97471,0.214284,0
15761,-0.57405,1.899,7.6330504,-0.29,0.511,-2.077,-0.281,1.381,9.704,0.22495,-0.2946625,-0.33825,0.028749,-0.066262,-0.975003,0.210123,0
15801,-0.61395,1.1209501,9.37395,-0.395,-0.29,-0.331,-0.217,1.407,9.702,-0.091437496,-0.0581625,-0.28187498,0.02549,-0.068105,-0.976435,0.203188,0
15841,-1.11,1.4250001,9.541051,-0.799,0.034,-0.139,-0.328,1.393,9.701,0.130075,0.09625,-0.263725,0.030758,-0.066577,-0.977394,0.198297,0
15882,-0.53505003,1.452,9.85995,-0.224,-0.017,0.155,-0.307,1.461,9.692,0.2525875,-0.230725,-0.21367499,0.029772,-0.070544,-0.978175,0.193156,0
15921,-1.11195,1.7509501,10.01805,-0.758,0.206,0.331,-0.344,1.537,9.679,0.0171875,0.06215,-0.2190375,0.0323,-0.073867,-0.978711,0.188744,0
15961,-0.39195,1.368,11.952001,0.049,-0.167,2.286,-0.365,1.491,9.685,-0.138325,-0.1551,-0.1645875,0.032363,-0.071375,-0.979597,0.185061,0
16001,0.39000002,0.61095005,12.079051,0.671,-0.817,2.365,-0.33,1.389,9.702,-0.1458875,0.2006125,-0.21573749,0.029584,-0.066736,-0.980611,0.18186,0
16042,-0.37500003,0.30195,11.821051,0.03,-0.988,2.095,-0.398,1.258,9.717,-0.0765875,0.113299996,-0.214775,0.031453,-0.05967,-0.981814,0.177454,0
16081,0.012,0.64995,10.486951,0.397,-0.537,0.746,-0.398,1.175,9.727,-0.123475,0.0473,-0.1764125,0.030576,-0.055547,-0.982576,0.174707,0
16121,-0.51600003,0.61800003,11.03505,-0.069,-0.419,1.29,-0.433,1.032,9.742,-0.52085,0.1772375,-0.1475375,0.030898,-0.048154,-0.98351,0.17156,0
16161,-0.186,0.666,12.232051,0.359,-0.097,2.43,-0.522,0.806,9.759,-0.31735,0.190025,-0.0176,0.03331,-0.035989,-0.984119,0.170596,0
16201,-0.39600003,1.3729501,9.285001,0.143,0.555,-0.483,-0.538,0.806,9.758,0.1918125,0.0484,0.0622875,0.034132,-0.035844,-0.984027,0.170995,0
16242,-0.15195,1.5330001,8.028001,0.324,0.601,-1.657,-0.513,0.943,9.747,0.263175,-0.088,0.157025,0.034182,-0.042872,-0.983351,0.173245,0
16281,0.52005005,1.42095,7.75995,0.98,0.354,-1.898,-0.463,1.007,9.743,-0.045649998,-0.0902,0.06545,0.032334,-0.046496,-0.982847,0.175508,0
16321,0.097950004,0.666,9.84105,0.499,-0.323,0.11,-0.444,0.95,9.75,-0.0968,0.055825,-0.00385,0.0309,-0.043767,-0.982939,0.17595,0
16362,0.013950001,0.69000006,8.90505,0.444,-0.28,-0.855,-0.43,0.961,9.749,0.2418625,-0.0081125,0.0803,0.030329,-0.044419,-0.982804,0.176644,0
16401,-0.35805002,1.06605,7.8420005,0.043,0.02,-1.893,-0.424,1.069,9.738,0.25575,0.138875,0.13145,0.031098,-0.049846,-0.982165,0.178605,0
16441,-0.31005,1.65795,7.3099504,0.17,0.449,-2.459,-0.456,1.226,9.718,0.3058,-0.0092125,0.2294875,0.034386,-0.057338,-0.981003,0.182105,0
16481,0.024,1.57605,7.9129505,0.398,0.21,-1.791,-0.385,1.355,9.704,-0.022275,-0.132825,0.1709125,0.032107,-0.064411,-0.979907,0.186013,0
16521,0.13395001,1.368,9.988951,0.46,0.033,0.273,-0.337,1.328,9.71,-0.0754875,0.0600875,0.26895,0.029861,-0.063401,-0.979339,0.189689,0
16562,0.48405004,1.6840501,10.248,0.799,0.331,0.533,-0.323,1.343,9.708,0.0405625,0.0930875,0.225225,0.029641,-0.064109,-0.978201,0.195278,0
16601,-0.65505004,1.7149501,11.104951,-0.335,0.283,1.402,-0.318,1.419,9.698,0.399575,0.1144,0.2402125,0.030611,-0.068207,-0.977076,0.199329,0
16641,-0.90405005,2.3490002,10.57995,-0.573,0.782,0.874,-0.312,1.614,9.667,0.3697375,-0.2255,0.2795375,0.032571,-0.077594,-0.975286,0.204292,0
16681,2.02305,0.71895003,11.00205,2.134,-0.951,1.327,-0.118,1.66,9.664,-0.306625,-0.4629625,0.006875,0.023109,-0.081631,-0.974556,0.207463,0
16721,-0.97605,-0.45105,13.465951,-0.927,-1.872,3.754,-0.047,1.414,9.703,-0.4686,0.3625875,-0.328625,0.017118,-0.07029,-0.976489,0.203063,0
16762,-1.8349501,0.882,9.7900505,-1.653,-0.572,0.081,-0.171,1.444,9.698,0.5157625,-0.0358875,0.076175,0.023582,-0.07104,-0.976596,0.201632,0
16801,-1.5790501,1.3630501,7.0660505,-1.538,-0.282,-2.503,0.001,1.567,9.68,-0.224675,-0.6260375,0.0452375,0.015514,-0.078435,-0.976179,0.201695,0
16841,-0.12105001,0.40500003,12.702001,-0.236,-0.866,2.969,0.125,1.239,9.727,-1.1429,0.1335125,0.23595,0.006689,-0.063303,-0.976829,0.204332,0
16881,-0.064050004,0.693,13.0990505,-0.212,-0.248,3.059,0.035,0.983,9.757,-0.0308,0.2017125,-0.009075,0.008673,-0.049501,-0.976944,0.207495,0
16921,-1.5310501,1.404,8.29905,-1.586,0.327,-1.411,0.064,1.079,9.746,0.2079,-0.1764125,-0.0463375,0.00814,-0.054614,-0.977059,0.205681,0
16962,-0.33900002,1.14495,8.920951,-0.39,0.091,-0.828,0.067,1.057,9.749,-0.2684,0.1804,0.1155,0.007933,-0.053264,-0.976892,0.206836,0
17001,-0.528,0.67395,9.53205,-0.597,-0.267,-0.253,-0.015,0.948,9.76,-0.1841125,0.2102375,-0.0741125,0.010817,-0.047178,-0.977026,0.207549,0
17041,-0.53505003,0.77205,8.40705,-0.418,-0.17,-1.411,-0.057,0.946,9.76,0.128975,0.022824999,0.032449998,0.012911,-0.046672,-0.97714,0.207006,0
17082,-0.17895001,1.0350001,7.4080505,-0.091,0.013,-2.357,-0.085,1.021,9.752,0.230175,0.104775,0.0196625,0.015091,-0.050095,-0.976795,0.207685,0
17121,-0.021000002,1.38195,6.9960003,0.09,0.2,-2.71,-0.09,1.148,9.738,0.111925,-0.113575,-0.1219625,0.016649,-0.056411,-0.976626,0.206738,0
17161,-0.15495001,1.1020501,7.9729505,-0.083,-0.092,-1.766,-0.066,1.182,9.734,0.0490875,0.0760375,-0.262625,0.015632,-0.05844,-0.977264,0.203211,0
17201,-0.78405005,1.04205,8.896951,-0.634,-0.184,-0.808,-0.142,1.219,9.729,0.179025,0.020624999,-0.263725,0.019467,-0.059637,-0.978231,0.197804,0
17241,-0.897,1.128,9.11295,-0.707,-0.202,-0.603,-0.177,1.319,9.715,0.37193748,-0.1764125,-0.2327875,0.021844,-0.064761,-0.978916,0.192486,0
17282,-1.3780501,1.5190501,10.944,-1.182,0.124,1.23,-0.192,1.386,9.706,-0.0350625,0.061049998,-0.07095,0.023126,-0.067709,-0.979498,0.188316,0
17321,-0.64500004,2.09295,12.771001,-0.331,0.667,3.063,-0.308,1.416,9.698,0.3548875,0.38073748,0.1101375,0.029272,-0.06807,-0.978993,0.189951,0
17361,0.105000004,1.46595,10.794001,0.341,-0.139,1.114,-0.246,1.596,9.672,0.2355375,-0.6430875,-0.21573749,0.027797,-0.077845,-0.978621,0.188325,0
17401,0.28995,-0.17505,12.936001,0.425,-1.633,3.23,-0.139,1.469,9.694,-0.3546125,0.544775,-0.2776125,0.021298,-0.072132,-0.980234,0.182986,0
17441,-1.4950501,0.58005005,11.43795,-1.1,-0.816,1.727,-0.383,1.388,9.7,0.2046,0.153725,-0.163625,0.032052,-0.066321,-0.981063,0.179135,0
17481,-0.62100005,0.537,9.019051,-0.267,-0.887,-0.68,-0.345,1.418,9.697,-0.0413875,-0.44165,-0.079475,0.029774,-0.068286,-0.981539,0.176152,0
17521,0.81900007,-0.16095,11.971951,1.061,-1.321,2.225,-0.251,1.158,9.734,-0.7008375,0.352,0.03355,0.023077,-0.055959,-0.982467,0.176335,0
17561,-0.01305,0.78795004,11.368051,0.358,-0.19,1.607,-0.372,0.967,9.751,0.0512875,0.23155,0.0196625,0.027488,-0.045219,-0.982702,0.177468,0
17601,-0.00405,1.53495,7.7410502,0.334,0.474,-2.008,-0.334,1.05,9.744,0.1599125,-0.1934625,0.0185625,0.026176,-0.049965,-0.982469,0.177685,0
17642,0.44805002,1.4059501,8.871,0.793,0.392,-0.759,-0.315,1.015,9.748,-0.3045625,0.109037496,0.0100375,0.025128,-0.047852,-0.982531,0.178075,0
17681,-0.09195001,1.1719501,10.04205,0.228,0.239,0.28,-0.309,0.929,9.757,-0.1181125,-0.0561,-0.1423125,0.023958,-0.043907,-0.982946,0.176959,0
17721,-0.39405003,1.011,9.28005,-0.099,0.083,-0.483,-0.28,0.923,9.759,-0.0361625,-0.086899996,-0.0496375,0.022347,-0.043926,-0.983367,0.17481,0
17761,-0.384,1.1209501,9.24705,-0.101,0.248,-0.553,-0.279,0.909,9.76,-0.0510125,0.0100375,4.13E-04,0.02218,-0.043215,-0.98344,0.174601,0
17801,-0.34095,1.353,8.8279505,-0.075,0.416,-0.932,-0.265,0.931,9.758,-0.07975,-0.1263625,0.0495,0.021664,-0.044466,-0.983366,0.174766,0
17842,-0.049050003,1.3630501,9.108001,0.199,0.433,-0.661,-0.24,0.928,9.759,-0.021175,0.0771375,0.1166,0.020437,-0.044489,-0.983082,0.176498,0
17881,-0.58095,1.8250501,7.7629504,-0.25,0.806,-2.119,-0.281,1.046,9.746,0.3091,0.0078375,0.18053749,0.023702,-0.04997,-0.982262,0.179168,0
17921,-0.46095002,2.0670002,6.5560503,-0.205,0.781,-3.17,-0.257,1.261,9.721,0.2376,-0.17325,0.2369125,0.02477,-0.060971,-0.980893,0.183076,0
17961,0.109950006,1.7410501,8.40705,0.324,0.353,-1.303,-0.215,1.375,9.707,-0.0521125,-0.012375,0.27101249,0.024072,-0.066992,-0.979614,0.187851,0
18001,-0.46095002,1.58595,9.41205,-0.244,0.145,-0.287,-0.205,1.434,9.699,0.280225,-0.0103125,0.20185,0.024434,-0.069915,-0.978531,0.192332,0
18042,-0.96405005,0.89100003,10.85805,-0.792,-0.594,1.162,-0.161,1.479,9.692,-0.1010625,-0.14025,0.2838,0.022789,-0.072518,-0.977602,0.196251,0
18081,-0.00405,1.0540501,14.635951,0.265,-0.351,4.932,-0.211,1.454,9.695,0.25795,0.459525,0.6183375,0.026325,-0.070734,-0.975677,0.205809,0
18121,0.261,2.04795,11.59605,0.458,0.371,1.929,-0.199,1.671,9.661,0.6169625,-0.69629997,0.108075,0.028274,-0.081403,-0.973289,0.212793,0
18161,0.45495003,0.22095,12.1390505,0.368,-1.526,2.485,0.081,1.744,9.649,-0.190575,-0.2244,-0.0858,0.014828,-0.088182,-0.973436,0.210775,0
18201,-0.897,1.143,10.746,-0.813,-0.592,1.078,-0.071,1.722,9.653,0.2536875,0.324225,0.022824999,0.022663,-0.085565,-0.973349,0.211554,0
18241,-1.3729501,1.0020001,7.6210504,-1.433,-0.823,-2.022,0.071,1.818,9.636,-0.0297,-0.788975,-0.16885,0.015216,-0.091937,-0.973552,0.208595,0
18281,-0.55395,-0.049050003,10.82505,-0.733,-1.65,1.142,0.189,1.609,9.671,-0.9202875,0.3509,0.2305875,0.007856,-0.081603,-0.974599,0.20841,0
18321,-0.49905002,0.966,11.46405,-0.52,-0.378,1.739,0.029,1.332,9.715,-0.057475,0.1590875,0.157025,0.013674,-0.065987,-0.974656,0.213317,0
18361,-0.48000002,1.8870001,7.3170004,-0.524,0.469,-2.39,0.047,1.41,9.704,0.230175,-0.1700875,0.1049125,0.013159,-0.07093,-0.97393,0.215068,0
18401,-0.018000001,1.65795,8.29395,-0.059,0.282,-1.429,0.042,1.356,9.712,-0.4791875,0.187825,0.0345125,0.012928,-0.068134,-0.973754,0.216779,0
18441,-0.12105001,1.011,10.57995,-0.173,-0.158,0.846,-0.016,1.166,9.736,-0.34925,0.0941875,-0.14973749,0.013737,-0.058001,-0.974563,0.216038,0
18482,-0.80295,1.3420501,9.118051,-0.748,0.256,-0.739,-0.055,1.119,9.742,0.0405625,-0.045375,-0.0644875,0.015002,-0.055201,-0.975288,0.2134,0
18521,0.034050003,1.5589501,8.265,0.112,0.37,-1.48,-0.086,1.184,9.734,0.014025,0.0686125,-0.012375,0.017235,-0.058146,-0.975158,0.213042,0
18561,-0.29805002,1.7010001,7.7509503,-0.181,0.425,-1.974,-0.104,1.267,9.723,0.1929125,-0.013475,-0.1571625,0.018919,-0.061959,-0.975221,0.211531,0
18601,-0.684,1.5979501,7.8610506,-0.528,0.203,-1.847,-0.152,1.39,9.706,0.23333749,0.039875,-0.145475,0.022466,-0.06788,-0.97548,0.208147,0
18642,0.60795003,1.9540501,8.347051,0.783,0.423,-1.35,-0.183,1.524,9.685,0.2387,0.1079375,-0.16885,0.025274,-0.074363,-0.975492,0.205535,0
18681,-0.56895,1.3420501,9.856951,-0.447,-0.307,0.27,-0.219,1.601,9.672,0.1109625,0.1079375,-0.5193375,0.02734,-0.078043,-0.976554,0.198754,0
18721,-1.3399501,1.15005,12.462001,-0.944,-0.477,2.916,-0.308,1.608,9.669,0.1269125,0.2006125,-0.2882,0.031211,-0.077742,-0.978116,0.190449,0
18761,-0.29595003,1.38495,11.401951,0.163,-0.382,1.762,-0.449,1.757,9.637,0.634975,0.2847625,-0.2316875,0.039525,-0.084084,-0.977928,0.187147,0
18802,-0.19305001,0.70005006,10.410001,0.243,-1.224,0.798,-0.434,1.919,9.607,0.25465,-0.5630625,-0.3755125,0.039677,-0.09272,-0.978502,0.179893,0
18841,1.1850001,-0.384,11.986051,1.395,-2.153,2.439,-0.264,1.772,9.641,-0.3779875,0.109037496,-0.396825,0.027178,-0.084121,-0.981055,0.172378,0
18881,-1.3590001,0.43395,11.610001,-0.996,-1.09,1.921,-0.351,1.513,9.682,-0.1661,-0.039049998,-0.381975,0.030467,-0.073199,-0.983187,0.164488,0
18921,-0.41595003,0.38895002,10.777051,-0.139,-0.983,1.066,-0.269,1.364,9.707,-0.3557125,-0.385275,0.06765,0.024855,-0.066616,-0.984374,0.161096,0
18961,0.70605004,1.023,10.783951,0.89,-0.138,1.037,-0.195,1.16,9.735,-0.3014,0.2272875,0.0930875,0.019597,-0.056824,-0.984643,0.163899,0
19002,-0.19800001,1.7220001,7.839,0.035,0.596,-1.908,-0.225,1.12,9.739,-0.0094875,-0.0826375,-0.07095,0.020714,-0.054531,-0.984718,0.164093,0
19041,-0.50205004,1.53495,7.7910004,-0.309,0.475,-1.957,-0.18,1.05,9.748,-0.424875,-0.088,-0.060225,0.017675,-0.051028,-0.985259,0.162321,0
19081,0.036000002,0.85800004,9.769051,0.21,0.012,-0.002,-0.183,0.845,9.768,-0.65615,0.0675125,0.0100375,0.016199,-0.040412,-0.985828,0.162009,0
19121,0.342,0.75705004,10.87005,0.516,0.103,1.085,-0.175,0.645,9.783,-0.28215,0.0441375,0.0793375,0.014233,-0.031045,-0.986025,0.163057,0
19161,-0.112050004,1.31805,8.184,0.061,0.657,-1.611,-0.168,0.651,9.783,0.0768625,-0.07205,0.1304875,0.013977,-0.031373,-0.985662,0.165196,0
19202,-0.11400001,1.12605,7.6759505,0.015,0.427,-2.113,-0.124,0.689,9.781,-0.242825,-0.0347875,0.1475375,0.012259,-0.034325,-0.985124,0.167931,0
19241,0.15795001,0.89100003,9.297001,0.251,0.29,-0.524,-0.128,0.621,9.786,-0.1362625,0.17407499,0.2476375,0.011915,-0.030107,-0.984552,0.172069,0
19281,0.14595,1.4110501,7.7650504,0.299,0.691,-2.015,-0.163,0.711,9.779,0.2759625,0.0356125,0.26895,0.014696,-0.034521,-0.983469,0.177143,0
19321,-0.29805002,1.78005,7.8199506,-0.111,0.891,-1.947,-0.174,0.881,9.765,0.1417625,0.03135,0.241175,0.016896,-0.042484,-0.982331,0.181481,0
19361,0.33495003,0.786,10.305,0.428,-0.147,0.534,-0.101,0.923,9.762,-0.1255375,-0.2179375,0.0708125,0.013843,-0.04538,-0.981596,0.18498,0
19402,-0.43995002,0.064950004,12.30195,-0.36,-0.761,2.526,-0.075,0.816,9.772,-0.28215,0.19965,0.113437496,0.01153,-0.040215,-0.981654,0.18602,0
19441,-0.492,0.39795002,12.55605,-0.301,-0.415,2.556,-0.161,0.837,9.769,0.5412,0.18259999,0.477675,0.01629,-0.040357,-0.980461,0.191838,0
19481,0.51000005,1.65795,9.216001,0.724,0.568,-0.629,-0.139,1.12,9.741,0.7649125,-0.214775,0.6012875,0.018561,-0.054585,-0.977584,0.202493,0
19521,1.07295,1.5190501,9.508051,1.05,0.154,-0.068,-0.015,1.261,9.725,-0.121275,-0.2179375,0.113437496,0.014527,-0.062882,-0.975712,0.209333,0
19561,0.89505005,-0.47700003,13.011001,1.035,-1.598,3.002,0.08,1.069,9.747,-0.57722497,0.0248875,-0.2882,0.007286,-0.053723,-0.976715,0.207574,0
19602,-2.151,-0.44400004,12.417001,-2.125,-1.401,2.649,-0.012,0.965,9.759,0.25575,0.442475,-0.2435125,0.010564,-0.04814,-0.978252,0.201479,0
19641,-2.08695,1.6360501,8.050051,-1.773,0.504,-1.89,-0.092,1.17,9.736,0.549725,-0.3969625,0.2838,0.01675,-0.05761,-0.977497,0.202234,0
19681,2.3460002,0.018000001,9.625051,2.129,-1.107,-0.124,0.213,1.12,9.74,-0.9288125,-0.5226375,-0.0741125,0.001074,-0.058253,-0.977084,0.204722,0
19721,-1.6290001,-0.19005,13.71405,-1.679,-0.903,3.922,0.058,0.726,9.779,-0.630575,0.7503375,-0.331925,0.005041,-0.036169,-0.979347,0.198857,0
19761,-1.503,0.381,9.85305,-1.459,-0.322,0.066,-0.039,0.704,9.781,0.4433,-0.1667875,-0.0847,0.008933,-0.035296,-0.979959,0.195843,0
19802,-1.7920501,1.62195,6.6919503,-1.775,0.762,-3.081,-0.009,0.86,9.768,0.146025,0.0600875,0.0963875,0.009002,-0.042858,-0.979752,0.195362,0
19841,-0.25800002,1.03695,8.634001,-0.2,0.251,-1.153,-0.044,0.783,9.775,-0.45581248,0.13145,0.1271875,0.010185,-0.038727,-0.979291,0.198456,0
19881,-0.57105005,0.53205,10.600051,-0.479,-0.117,0.811,-0.078,0.647,9.784,-0.0743875,-0.0017875,0.0132,0.010512,-0.031569,-0.979347,0.199426,0
19921,0.049950004,0.68805003,7.72905,0.098,-0.038,-2.057,-0.057,0.719,9.78,0.32285,-0.0092125,-0.0741125,0.010217,-0.035407,-0.979247,0.199288,0
19961,-0.72195005,0.966,7.6120505,-0.605,0.131,-2.171,-0.116,0.821,9.771,0.098175,0.0856625,-0.1475375,0.014198,-0.040029,-0.979617,0.196331,0
20002,-0.40605003,0.94605005,7.4269505,-0.216,0.052,-2.341,-0.178,0.887,9.764,0.1769625,0.0941875,-0.129525,0.017863,-0.042804,-0.979897,0.194033,0
20041,-1.3660501,1.179,8.75805,-1.093,0.19,-0.914,-0.254,0.981,9.754,0.1929125,-0.095425,-0.145475,0.022322,-0.046694,-0.980261,0.190813,0
20081,-0.52095,1.3300501,9.477,-0.223,0.199,-0.246,-0.267,1.107,9.74,0.3122625,-0.1530375,-0.062425,0.0241,-0.052972,-0.98029,0.188795,0
20121,-0.564,1.2910501,11.674951,-0.319,0.095,1.94,-0.237,1.187,9.731,0.12265,-0.063525,-0.03575,0.023294,-0.057288,-0.980388,0.187122,0
20161,0.52005005,1.1719501,12.39105,0.759,-0.157,2.53,-0.266,1.302,9.716,0.6551875,0.18259999,-0.026124999,0.026154,-0.063424,-0.979882,0.187413,0
20202,-0.91800004,0.726,9.40305,-0.666,-0.834,-0.281,-0.245,1.556,9.679,0.418825,-0.466125,-0.3669875,0.026888,-0.075973,-0.979995,0.181973,0
20241,0.27105,-0.44400004,11.359051,0.428,-1.831,1.806,-0.182,1.409,9.703,-0.5368,0.29975,-0.161425,0.021976,-0.069232,-0.981541,0.176917,0
20281,-1.4449501,0.77895004,11.64795,-1.052,-0.312,1.777,-0.39,1.143,9.731,-0.174625,0.275275,-0.0752125,0.029899,-0.053994,-0.982621,0.175057,0
20321,-0.37995002,0.93000007,8.74905,0.066,-0.243,-0.965,-0.338,1.115,9.737,-0.241725,-0.500225,-0.045375,0.027495,-0.053233,-0.982886,0.174198,0
20362,-0.01305,0.14895001,12.604051,0.24,-0.681,2.829,-0.253,0.817,9.769,-0.87023747,0.3796375,0.0207625,0.020005,-0.038829,-0.983809,0.173814,0
20401,-0.022950001,1.215,11.48295,0.427,0.556,1.419,-0.373,0.669,9.776,0.19085,-0.0528,0.13255,0.024744,-0.030467,-0.983606,0.176007,0
20441,0.31095,1.4640001,7.6500006,0.526,0.66,-2.183,-0.267,0.797,9.77,0.1417625,-0.1508375,-0.0548625,0.020643,-0.037635,-0.983353,0.176561,0
20481,0.12495001,0.98505,9.144,0.412,0.225,-0.633,-0.29,0.755,9.773,-0.2619375,0.14739999,0.0089375,0.021368,-0.035328,-0.98356,0.175797,0
20522,-0.00105,0.56595004,9.12195,0.269,-0.147,-0.665,-0.269,0.706,9.777,0.1109625,-0.030524999,-0.028324999,0.019886,-0.033146,-0.983658,0.175843,0
20561,-0.79095006,0.72105,7.6519504,-0.55,-0.052,-2.132,-0.239,0.774,9.773,0.146025,-0.1573,0.1612875,0.018886,-0.036906,-0.983396,0.176668,0
20601,-0.058950003,0.642,8.04705,0.13,-0.169,-1.735,-0.184,0.809,9.771,0.0565125,-0.0763125,0.2487375,0.016506,-0.038933,-0.98259,0.180907,0
20641,-0.94200003,1.08105,8.257951,-0.718,0.232,-1.513,-0.222,0.845,9.767,0.0842875,0.0803,0.275275,0.019182,-0.040285,-0.981616,0.185576,0
20681,-0.162,1.34895,8.60505,0.129,0.417,-1.15,-0.24,0.939,9.758,0.2589125,-0.036849998,0.41799998,0.021239,-0.04496,-0.980058,0.192384,0
20722,0.32295,1.57605,8.890051,0.486,0.494,-0.865,-0.173,1.071,9.746,0.1172875,-0.095425,0.294525,0.019585,-0.051869,-0.978437,0.198964,0
20761,0.29205,0.98205006,11.64795,0.403,-0.096,1.898,-0.117,1.076,9.746,-0.155375,0.0185625,0.2869625,0.017057,-0.052449,-0.977399,0.20408,0
20801,-0.17895001,1.0180501,13.480051,0.023,-0.069,3.725,-0.205,1.084,9.744,0.3601125,0.3051125,0.4659875,0.021982,-0.051919,-0.975745,0.211522,0
20841,1.44105,2.02095,10.059,1.642,0.658,0.137,-0.062,1.371,9.71,0.8193625,-0.587675,0.51713747,0.018668,-0.067624,-0.972725,0.221094,0
20881,1.6999501,0.48405004,10.461,1.57,-1.034,0.771,0.118,1.51,9.688,-0.1331,-0.1871375,-0.16995,0.011262,-0.076564,-0.971554,0.223813,0
20922,-1.5840001,-0.09195001,12.807,-1.623,-1.492,3.093,0.084,1.37,9.71,-0.1703625,0.2006125,-0.163625,0.011344,-0.069048,-0.973174,0.219168,0
20961,-0.54,0.70905006,9.999001,-0.642,-0.692,0.291,0.099,1.387,9.707,0.2366375,-0.298925,0.03025,0.010616,-0.070328,-0.973114,0.219062,0
21001,-0.77505004,1.16205,9.61095,-0.91,-0.201,0.027,0.147,1.358,9.71,-0.3779875,-0.0528,-5.50E-04,0.007865,-0.069414,-0.97333,0.218513,0
21041,-0.18105,1.08105,11.737051,-0.245,-0.098,1.977,0.095,1.174,9.735,-0.309925,0.0567875,0.0506,0.008441,-0.059581,-0.973761,0.219472,0
21082,-0.47100002,1.5120001,9.85995,-0.561,0.377,0.107,0.098,1.134,9.74,-0.0691625,-0.10505,-0.0517,0.007689,-0.057586,-0.973995,0.21899,0
21122,-0.44400004,1.3060501,9.795,-0.506,0.208,0.021,0.054,1.095,9.745,-0.174625,0.109037496,0.004675,0.009526,-0.055214,-0.974232,0.218475,0
21161,-0.20700002,1.22895,8.67195,-0.197,0.139,-1.124,-0.006,1.086,9.746,1.38E-04,0.0473,-0.0133375,0.012467,-0.054064,-0.974235,0.218602,0
21201,-0.63795,1.21905,7.8559504,-0.628,0.09,-1.912,-0.039,1.108,9.743,-0.0319,-0.012375,-0.0974875,0.014269,-0.054763,-0.974458,0.217322,0
21241,-0.56595004,0.975,7.8420005,-0.436,-0.133,-1.914,-0.094,1.086,9.745,-0.1266375,0.053625,-0.00275,0.016753,-0.053133,-0.974716,0.216389,0
21281,-0.303,1.1359501,8.10705,-0.155,0.063,-1.643,-0.144,1.067,9.747,0.0182875,0.0270875,-0.0207625,0.018993,-0.051619,-0.974775,0.216304,0
21321,-0.12105001,1.2720001,7.3390503,0.028,0.125,-2.411,-0.137,1.141,9.739,0.1247125,-0.0528,-0.0506,0.019412,-0.055601,-0.974759,0.215347,0
21361,-0.30795002,1.55505,8.056951,-0.113,0.348,-1.68,-0.186,1.204,9.73,0.0160875,0.1772375,-0.095425,0.022668,-0.058036,-0.974854,0.213953,0
21401,-0.372,1.5259501,8.863951,-0.134,0.271,-0.87,-0.233,1.253,9.723,0.0906125,-0.0155375,-0.1816375,0.025266,-0.060157,-0.975207,0.211455,0
21441,-0.95895004,1.4250001,10.255051,-0.681,0.129,0.524,-0.271,1.286,9.718,-0.0094875,0.0504625,-0.2083125,0.027248,-0.061435,-0.975944,0.207404,0
21481,-0.44205,1.28205,12.213,-0.085,-0.003,2.487,-0.354,1.285,9.715,0.0650375,0.2454375,-0.0218625,0.03126,-0.060538,-0.976286,0.205482,0
21521,0.12705001,1.473,12.25605,0.531,0.097,2.543,-0.408,1.373,9.701,0.4635125,0.069575,-0.06875,0.0349,-0.064416,-0.975981,0.205165,0
21562,0.66795003,0.76500005,11.233951,1.015,-0.741,1.538,-0.347,1.504,9.684,0.19085,-0.1892,-0.2572625,0.033012,-0.071749,-0.9762,0.201976,0
21601,-0.094950005,0.28995,12.931951,0.293,-1.128,3.228,-0.384,1.413,9.696,-0.0510125,0.484,-0.2179375,0.033562,-0.066943,-0.977499,0.1972,0
21641,0,0.71895003,10.486951,0.498,-0.682,0.628,-0.443,1.404,9.695,0.215325,-0.1604625,-0.1145375,0.036263,-0.065995,-0.978016,0.194456,0
21681,-0.57795,0.693,10.012951,-0.278,-0.629,0.37,-0.402,1.323,9.708,-0.2981,0.09735,-0.113575,0.033235,-0.06244,-0.978811,0.192157,0
21721,-0.54195005,0.786,10.83705,-0.098,-0.381,1.099,-0.43,1.152,9.729,-0.3130875,-0.0741125,0.2135375,0.032981,-0.053498,-0.979145,0.193196,0
21761,0.606,1.1400001,9.85995,0.9,0.082,0.013,-0.328,1.102,9.738,0.13213749,-0.115775,0.2305875,0.027638,-0.051869,-0.978392,0.198228,0
21801,0.07395,1.6290001,7.7959504,0.32,0.385,-2.016,-0.238,1.235,9.725,0.308,-0.20845,0.0963875,0.024623,-0.059393,-0.977548,0.200663,0
21841,0.41205,1.6339501,6.8380504,0.513,0.293,-2.901,-0.145,1.354,9.711,0.1716,-0.0507375,0.06545,0.021325,-0.066305,-0.976883,0.202109,0
21881,-0.19800001,1.6309501,7.7980504,0.018,0.226,-1.913,-0.209,1.394,9.704,-0.037125,0.225225,0.0089375,0.024941,-0.067635,-0.976619,0.202528,0
21922,0.20400001,1.3729501,8.229,0.455,-0.028,-1.571,-0.252,1.402,9.702,-0.0743875,0.0600875,0.0122375,0.027252,-0.067568,-0.976372,0.203441,0
21961,-0.14295001,1.1520001,8.98095,0.027,-0.195,-0.784,-0.232,1.38,9.706,0.1194875,0.1431375,0.0708125,0.026064,-0.066661,-0.976336,0.204067,0
22001,-0.65505004,2.0650501,8.04705,-0.234,0.561,-1.557,-0.324,1.481,9.688,0.0683375,-0.0231,0.2561625,0.031965,-0.070684,-0.97524,0.207093,0
22041,0.93405,0.78105,11.280001,1.041,-0.658,1.577,-0.115,1.434,9.7,-0.2022625,-0.451275,0.089925,0.021256,-0.07045,-0.974768,0.210738,0
22081,-0.70995003,1.04505,12.288,-0.584,-0.376,2.581,-0.123,1.412,9.703,0.1183875,0.43614998,0.4148375,0.021667,-0.069146,-0.974158,0.213926,0
22122,0.012,1.9470001,10.276051,0.214,0.394,0.589,-0.212,1.564,9.678,0.604175,-0.036849998,0.480975,0.028589,-0.07554,-0.971225,0.224048,0
22161,0.73695004,1.5450001,10.494,0.799,-0.19,0.834,-0.064,1.729,9.652,0.0427625,-0.2275625,0.2539625,0.023422,-0.085424,-0.969146,0.230018,0
22201,1.092,0.432,11.95995,1.048,-1.151,2.279,0.041,1.573,9.679,-0.2278375,0.1368125,-0.1901625,0.016672,-0.078757,-0.969368,0.232041,0
22242,-1.3230001,0.23295002,12.003,-1.306,-1.19,2.28,-0.044,1.413,9.704,-0.2853125,-0.1871375,-0.3254625,0.018615,-0.069865,-0.971401,0.226167,0
22281,-0.67695004,-0.003,12.357,-0.623,-1.188,2.619,-0.043,1.188,9.734,-0.48675,-0.0081125,-0.062425,0.015673,-0.058676,-0.973182,0.221874,0
22321,-0.528,0.74100006,11.790001,-0.43,-0.212,1.919,-0.114,1.016,9.753,-0.021175,0.122925,-0.086899996,0.017192,-0.049303,-0.973858,0.221074,0
22361,-0.66,1.26705,8.89995,-0.601,0.24,-0.897,-0.106,1.04,9.75,0.0160875,-0.0837375,-0.1326875,0.016962,-0.050624,-0.974323,0.218729,0
22401,0.27105,1.0639501,9.60105,0.411,0.079,-0.167,-0.152,0.983,9.756,-0.2641375,0.374275,-0.111375,0.018804,-0.046972,-0.974847,0.217055,0
22442,-1.6510501,1.0879501,9.867001,-1.439,0.131,0.28,-0.304,0.93,9.757,0.0182875,0.0067375,-0.30415,0.025276,-0.043119,-0.975741,0.213142,0
22481,-1.04295,0.74805003,8.33205,-0.514,-0.328,-1.493,-0.343,1.023,9.747,0.2674375,-0.095425,0.006875,0.028073,-0.047419,-0.97637,0.208961,0
22521,0.25905,0.86700004,7.9560003,0.688,-0.183,-1.734,-0.429,1.027,9.743,-0.292875,0.4222625,-0.1764125,0.032392,-0.046768,-0.976413,0.208278,0
22561,-0.52995,-0.04095,12.87195,-0.033,-0.877,3.112,-0.484,0.837,9.758,-0.2704625,0.0908875,-0.482075,0.032838,-0.03686,-0.978191,0.201752,0
