time(ms),acc.x,acc.y,acc.z,acclinear.x,acclinear.y,acclinear.z,gravity.x,gravity.y,gravity.z,gyroscope.x,gyroscope.y,gyroscope.z,RV.x,RV.y,RV.z,RV.cos,RV.heading
1,-0.62895006,0.88695,12.048,-0.295,0.051,2.274,-0.33,0.834,9.765,-0.0133375,-0.39214998,0.0924,0.023808,-0.039127,-0.984653,0.168401,0
40,0.28305,1.1880001,8.86905,0.309,0.201,-0.82,-0.037,0.997,9.755,0.007975,0.0339625,0.0081125,0.010483,-0.049845,-0.984324,0.168851,0
80,-0.094950005,1.10895,10.2640505,-0.011,0.127,0.51,-0.097,0.961,9.758,-0.09955,0.156475,-0.0578875,0.013274,-0.047462,-0.984609,0.167678,0
121,-0.19995001,0.93405,9.88395,-0.095,-0.042,0.048,-0.108,0.968,9.758,0.1293875,-0.062975,-0.0226875,0.013745,-0.047841,-0.984712,0.166924,0
160,-0.30795002,0.96795005,9.312,-0.158,-0.029,-0.425,-0.127,0.997,9.754,-0.027224999,0.1203125,-2.75E-04,0.01494,-0.049095,-0.984637,0.1669,0
200,-0.24105,0.87195003,10.05105,-0.057,-0.102,0.294,-0.187,0.96,9.757,-0.06875,0.1436875,-0.0088,0.017647,-0.046753,-0.984633,0.167333,0
241,-0.43005002,0.88905007,9.723001,-0.214,-0.06,-0.047,-0.207,0.945,9.758,-0.0122375,-0.104499996,0.0199375,0.018436,-0.04583,-0.984608,0.167647,0
280,-0.025050001,0.78105,10.102051,0.146,-0.133,0.332,-0.173,0.936,9.76,0.034649998,-0.0149875,0.0358875,0.016791,-0.045634,-0.984529,0.168335,0
320,-0.17595,0.96795005,9.670951,-0.008,0.012,-0.114,-0.141,0.968,9.757,0.1060125,-0.1417625,0.015675,0.015471,-0.047511,-0.984443,0.168447,0
362,-0.009000001,0.97005004,9.616051,0.104,-0.036,-0.138,-0.104,1.003,9.754,0.0889625,-0.0704,-0.0067375,0.013867,-0.049673,-0.984356,0.168473,0
400,-0.483,1.0690501,9.276,-0.337,0,-0.436,-0.097,1.021,9.752,-0.10175,-0.05335,0.0177375,0.013655,-0.050477,-0.984541,0.167166,0
440,-0.15705001,0.855,10.564051,-0.062,-0.122,0.797,-0.087,0.966,9.758,-5.50E-04,-0.0672375,0.0603625,0.01272,-0.047885,-0.984514,0.168152,0
480,0.06705,1.0710001,9.364051,0.073,0.054,-0.397,-0.014,1.009,9.754,0.0867625,-0.2046,0.055,0.00965,-0.050548,-0.984243,0.169161,0
520,0.00705,0.915,9.88395,-0.018,-0.087,0.147,0.018,1.013,9.754,-0.0207625,0.037125,0.0540375,0.007879,-0.051116,-0.984131,0.169736,0
560,-0.25005,1.11405,9.53205,-0.239,0.097,-0.234,-0.005,1.006,9.754,-0.034649998,0.021175,0.0710875,0.009435,-0.050658,-0.984002,0.170537,0
600,0.21300001,0.83895004,10.34805,0.186,-0.162,0.581,0.017,0.993,9.756,0.03135,-0.20253749,0.0785125,0.007642,-0.050183,-0.98376,0.172159,0
640,-0.41595003,1.0849501,9.307051,-0.462,0.085,-0.45,0.067,1.017,9.753,0.0270875,-0.048125,0.0881375,0.005571,-0.051767,-0.983577,0.172815,0
681,0.079050004,0.87000006,10.152,0.029,-0.134,0.392,0.066,1.006,9.754,-0.010175,-0.044825,0.1626625,0.00572,-0.051166,-0.98305,0.175955,0
720,0.30900002,1.143,9.46695,0.197,0.116,-0.287,0.102,1.013,9.753,0.0122375,-0.077825,0.1093125,0.004023,-0.051878,-0.982552,0.178557,0
760,0.028950002,1.0180501,9.838051,-0.087,0.02,0.119,0.101,1.001,9.754,-0.0889625,0.0743875,0.082775,0.004148,-0.05122,-0.982277,0.180252,0
800,0.55995005,1.1040001,9.805051,0.462,0.114,0.021,0.095,0.974,9.757,-0.0900625,0.0499125,0.081675,0.004257,-0.049819,-0.982031,0.181972,0
841,0.24195,0.98505,10.497001,0.151,0.011,0.701,0.107,0.955,9.759,0.0196625,-0.061875,0.0273625,0.003542,-0.04898,-0.981905,0.182891,0
880,0.49095002,1.06605,9.333,0.333,0.061,-0.453,0.143,0.987,9.755,0.0218625,0.0072875,-0.003575,0.002071,-0.0509,-0.981668,0.183661,0
920,-0.171,1.06605,10.152,-0.263,0.074,0.43,0.086,0.974,9.757,-0.03575,0.1596375,-0.020624999,0.004808,-0.049703,-0.981722,0.183649,0
960,0.30900002,0.94605005,9.450001,0.174,-0.043,-0.331,0.098,0.983,9.756,0.023924999,-0.048125,-0.09405,0.004302,-0.050259,-0.981728,0.183477,0
1000,-0.51900005,0.81705004,10.461,-0.547,-0.159,0.701,0.016,0.963,9.759,-0.010175,0.2715625,-0.017324999,0.008452,-0.048459,-0.981907,0.182858,0
1040,0.031050002,1.09305,9.016951,0.018,0.076,-0.779,-0.004,0.999,9.755,0.0985875,-0.1621125,0.03795,0.009654,-0.050131,-0.9816,0.183997,0
1080,-0.13305001,0.87000006,10.10595,-0.192,-0.137,0.404,0.042,0.995,9.755,-0.043175,-0.044825,0.0092125,0.007242,-0.050337,-0.981577,0.18417,0
1120,0.40695003,1.0210501,9.826051,0.359,0.034,0.024,0.048,1,9.755,0.077275,0.0584375,0.0284625,0.007099,-0.050732,-0.98135,0.185277,0
1160,-0.043950003,1.18605,9.831,0.007,0.14,0.054,0.033,1.031,9.752,0.0463375,-0.064075,0.022,0.008084,-0.052044,-0.981241,0.185448,0
1200,0.25605002,1.1689501,9.592051,0.171,0.114,-0.162,0.073,1.042,9.75,-0.0154,0.1340625,-0.0930875,0.006176,-0.053024,-0.981343,0.184702,0
1240,-0.31695002,1.143,9.979951,-0.274,0.103,0.205,0.015,1.04,9.751,0.0111375,-0.0501875,0.0039875,0.008941,-0.052409,-0.981607,0.183359,0
1280,0.20400001,0.94395006,9.42405,0.117,-0.098,-0.338,0.059,1.051,9.749,0.0059125,-0.011825,-0.0215875,0.006877,-0.053351,-0.981503,0.18373,0
1320,-0.27405003,1.014,9.87405,-0.279,-0.01,0.149,0.006,1.031,9.752,-0.0485375,0.11275,-0.0067375,0.009457,-0.051787,-0.981579,0.18366,0
1360,-0.11895001,0.94395006,9.781051,-0.118,-0.083,0.026,0.011,1.022,9.753,-0.026124999,-0.104499996,0.015675,0.009043,-0.051415,-0.98156,0.183885,0
1400,-0.066,0.915,10.04895,-0.011,-0.081,0.256,-0.001,1.007,9.754,0.0026125,0.0435875,0.083875,0.009611,-0.050516,-0.981426,0.184819,0
1441,0.11505,1.02495,9.77595,0.04,0.011,0.011,0.012,1.009,9.754,0.00165,-0.02255,0.0103125,0.008937,-0.050798,-0.981138,0.186295,0
1480,-0.11400001,1.03005,9.92895,-0.053,0.025,0.161,-0.015,1.009,9.754,0.0026125,0.0947375,0.065725,0.01042,-0.050503,-0.980966,0.187207,0
1520,0.18405001,1.1020501,9.678,0.164,0.083,-0.069,-0.014,1.019,9.753,0.0100375,0.0297,-0.013062499,0.010561,-0.050986,-0.98075,0.188193,0
1560,-0.40395,1.095,9.781051,-0.332,0.053,0.026,-0.034,1.022,9.753,-0.0059125,0.01485,0.0209,0.011563,-0.05095,-0.980838,0.187687,0
1601,0.096,0.97305006,9.934051,0.13,-0.063,0.175,-0.035,1.017,9.753,0.0048125,0.0072875,0.0572,0.011561,-0.05066,-0.980756,0.188194,0
1640,-0.042000003,1.014,9.70695,0.004,0.001,-0.055,-0.031,1.02,9.753,0.0133375,-0.01925,0.03795,0.011418,-0.050861,-0.980681,0.188538,0
1680,0.14805001,0.966,9.91005,0.162,-0.039,0.121,-0.012,1.019,9.753,0.025024999,0.0265375,0.0114125,0.010471,-0.051016,-0.980662,0.188651,0
1720,0.031050002,1.0210501,9.666,0.066,-0.008,-0.081,-0.026,1.03,9.752,0.006875,0.0265375,0.015675,0.011244,-0.05141,-0.980646,0.188581,0
1760,-0.054,1.0350001,9.826051,-0.021,0.028,0.054,-0.032,1.033,9.751,0.0506,0.01375,-0.013062499,0.01165,-0.051565,-0.980535,0.189089,0
1801,-0.034950003,1.00605,9.667951,-0.022,-0.079,-0.066,-0.031,1.046,9.75,-0.0165,0.021175,-0.0121,0.011702,-0.052138,-0.980492,0.189154,0
1840,-0.094950005,1.02795,9.73995,-0.018,-0.017,-0.026,-0.049,1.039,9.751,0.0133375,-0.0235125,0.014575,0.012572,-0.051622,-0.980442,0.189497,0
1880,-0.079950005,1.0159501,9.832951,-0.076,-0.027,0.109,-0.018,1.035,9.751,-0.044275,-0.0097625,-0.02805,0.010972,-0.051717,-0.980417,0.189702,0
1920,-0.19800001,1.09305,9.786,-0.111,0.063,-0.027,-0.037,1.026,9.752,0.0356125,-0.0320375,0.03795,0.011846,-0.05112,-0.98033,0.19026,0
1961,0.50505,1.09695,9.726001,0.504,0.05,-0.026,0,1.038,9.751,-0.043175,0.0169125,-0.020624999,0.009534,-0.052187,-0.980256,0.190482,0
2000,-0.17895001,1.19505,9.714001,-0.14,0.163,-0.054,-0.023,1.035,9.751,-0.0133375,0.0286,-0.0556875,0.011198,-0.051671,-0.980441,0.189575,0
2040,0.08400001,0.91095006,9.964951,0.066,-0.109,0.203,0.001,1.021,9.753,-0.0389125,-0.044825,-0.06215,0.009762,-0.05121,-0.980616,0.188876,0
2080,-0.19995001,1.0180501,9.655951,-0.165,-0.005,-0.11,-0.024,1.013,9.754,0.0122375,0.0402875,-0.054725,0.010978,-0.050562,-0.980806,0.187992,0
2121,-0.423,0.90795004,9.99195,-0.369,-0.097,0.227,-0.052,0.996,9.755,-0.109175,0.0606375,-0.0334125,0.012166,-0.049476,-0.980987,0.187263,0
2160,-0.12795001,0.88695,10.18095,0.001,-0.069,0.361,-0.097,0.969,9.758,0.0548625,0.037125,0.0507375,0.014175,-0.047665,-0.980944,0.187814,0
2200,-0.14505,1.0330501,9.450001,-0.059,0.022,-0.316,-0.076,0.998,9.755,0.025024999,-0.0576125,0.0177375,0.013372,-0.049365,-0.980826,0.188053,0
2240,-0.10395,1.0350001,9.89295,-0.009,0.021,0.119,-0.071,0.999,9.755,0.0185625,-0.014025,0.0518375,0.013236,-0.049423,-0.980709,0.188658,0
2280,0.16305001,1.131,9.55305,0.202,0.118,-0.206,-0.052,1.011,9.754,-0.0122375,-0.012925,0.0433125,0.012449,-0.050209,-0.98044,0.189896,0
2321,-0.12795001,1.04205,10.173,-0.062,0.033,0.405,-0.059,1.001,9.755,-0.0154,0.04675,0.0103125,0.012739,-0.049617,-0.980355,0.190471,0
2360,-0.08505,1.023,9.38595,-0.033,-0.01,-0.396,-0.061,1.018,9.753,0.0207625,-0.0044,0.0103125,0.013022,-0.050431,-0.980212,0.190974,0
2400,-0.05595,0.91800004,10.18095,0.045,-0.104,0.499,-0.086,0.99,9.756,-0.0889625,0.1032625,0.029424999,0.014024,-0.04877,-0.980148,0.19166,0
2440,0.064950004,0.9799501,9.759001,0.15,-0.023,-0.072,-0.082,0.99,9.756,0.10285,-0.0609125,-0.0078375,0.013846,-0.048808,-0.980071,0.192055,0
2481,-0.09,0.98505,9.534,-0.003,-0.028,-0.179,-0.078,1.009,9.754,-0.034649998,0.056375,-0.014162499,0.013814,-0.049797,-0.980123,0.19154,0
2520,-0.08805001,0.91800004,9.88395,-0.002,-0.076,0.091,-0.093,0.988,9.756,-0.010175,-0.011825,-0.017324999,0.014325,-0.04864,-0.980284,0.190973,0
2560,0.010050001,0.93405,9.77595,0.059,-0.052,0.049,-0.072,0.978,9.757,-0.06655,-0.0055,-0.0471625,0.01316,-0.048337,-0.980455,0.190255,0
2600,-0.26505002,1.0020001,10.09395,-0.156,0.047,0.306,-0.102,0.96,9.758,0.022824999,0.0286,0.00715,0.014439,-0.047137,-0.98057,0.189872,0
2640,0.060000002,1.03695,9.472051,0.122,0.043,-0.277,-0.081,0.977,9.757,-0.0037125,-0.0405625,-0.0323125,0.013581,-0.048212,-0.980514,0.189955,0
2681,-0.20205002,0.99195004,9.984,-0.089,0.015,0.225,-0.101,0.965,9.758,-0.023924999,0.07975,-0.014162499,0.014414,-0.047415,-0.980722,0.189016,0
2720,-0.052050002,1.047,9.240001,0.027,0.054,-0.536,-0.095,0.98,9.756,0.0059125,-0.078925,-0.044,0.014168,-0.048273,-0.980861,0.188092,0
2760,-0.231,0.92505,10.114051,-0.124,-0.036,0.4,-0.093,0.949,9.76,-0.1188,0.0424875,-0.037675,0.013777,-0.046716,-0.981147,0.187022,0
2800,-0.021000002,0.88905007,10.153951,0.088,-0.04,0.384,-0.101,0.925,9.762,0.0100375,-0.0374,6.88E-04,0.013904,-0.045463,-0.98124,0.186835,0
2841,-0.066,0.98205006,9.68295,0.033,0.043,-0.09,-0.088,0.936,9.761,0.0292875,0.006325,-0.0099,0.013349,-0.046229,-0.981247,0.18665,0
2880,-0.076050006,0.99405,9.783,0.003,0.039,0.018,-0.085,0.941,9.761,-0.0165,9.63E-04,-0.0429,0.013241,-0.046371,-0.98133,0.186183,0
2920,-0.36495003,1.02495,9.868951,-0.252,0.074,0.1,-0.101,0.947,9.76,0.026124999,-0.0235125,-0.0121,0.014085,-0.046544,-0.981429,0.185556,0
2960,-0.006,0.96105003,9.655951,0.087,-0.01,-0.115,-0.087,0.964,9.758,0.03355,-0.0374,0.00715,0.013524,-0.047564,-0.981392,0.185536,0
3001,-0.32205,0.97800004,9.943951,-0.212,0.009,0.183,-0.1,0.957,9.759,-0.06875,0.07865,-0.019524999,0.014203,-0.046998,-0.981412,0.185521,0
3040,-0.25005,0.99705005,9.814051,-0.115,0.04,0.047,-0.129,0.954,9.759,0.06875,-0.0331375,0.0369875,0.015564,-0.046703,-0.981294,0.186114,0
3080,0.061950002,0.97305006,9.655951,0.17,-0.002,-0.114,-0.115,0.969,9.757,-0.03575,0.0521125,0.029424999,0.015106,-0.047467,-0.981129,0.186826,0
3120,-0.186,1.047,9.832951,-0.04,0.073,0.075,-0.136,0.962,9.758,0.043175,-0.0086625,0.0284625,0.016065,-0.046941,-0.981066,0.187208,0
3160,0.19905001,1.0830001,9.592051,0.308,0.095,-0.168,-0.118,0.98,9.756,-0.0229625,0.0308,0.015675,0.015339,-0.048025,-0.980884,0.187947,0
3200,0.108,1.0879501,10.044001,0.213,0.102,0.28,-0.111,0.974,9.757,-0.025024999,-0.0055,-0.013062499,0.014998,-0.047781,-0.980819,0.188376,0
3241,0.31095,1.1880001,9.891001,0.395,0.198,0.077,-0.082,0.986,9.756,0.0548625,0.01485,-0.017324999,0.013604,-0.048689,-0.980843,0.188123,0
3280,0.53400004,1.45905,9.316051,0.602,0.416,-0.422,-0.058,1.026,9.752,-0.044275,-0.0374,-0.053625,0.012753,-0.050937,-0.98087,0.187448,0
3320,0.88095003,1.0879501,10.446,0.862,0.076,0.717,-0.017,0.986,9.756,-0.1667875,0.11495,-0.1227875,0.010281,-0.049286,-0.981229,0.186152,0
3360,0.04605,1.4130001,9.903001,0.153,0.352,0.034,-0.044,0.969,9.758,0.0495,0.089375,-0.069575,0.01136,-0.048201,-0.981642,0.184191,0
3400,0.46005002,1.60695,9.70905,0.498,0.562,-0.08,-0.035,1.044,9.75,0.1475375,-0.0086625,0.0444125,0.011614,-0.052069,-0.981463,0.184071,0
3441,0.48600003,1.69095,8.78505,0.45,0.538,-0.953,-0.001,1.15,9.738,0.1379125,0.054175,-0.02585,0.010988,-0.057862,-0.981125,0.184185,0
3480,-0.36495003,1.5790501,8.979,-0.377,0.354,-0.769,-0.031,1.211,9.731,-0.006875,0.0616,-0.102575,0.012986,-0.060527,-0.981192,0.182834,0
3520,-1.32105,1.47105,9.649051,-1.234,0.27,-0.02,-0.113,1.2,9.732,-0.1753125,0.1095875,-0.13035,0.016892,-0.059083,-0.981648,0.180528,0
3560,-1.27695,1.3420501,10.365001,-0.957,0.195,0.601,-0.268,1.139,9.736,-0.17105,0.1607375,0.0199375,0.023947,-0.05478,-0.98196,0.179386,0
3600,-1.0380001,1.9930501,9.811951,-0.688,0.886,0.019,-0.36,1.143,9.733,-0.00165,0.0680625,0.07205,0.028772,-0.054082,-0.981519,0.181291,0
3640,-0.84195006,2.4859502,8.713051,-0.399,1.245,-1.085,-0.39,1.233,9.72,-0.0218625,-0.0501875,0.0699875,0.031147,-0.058284,-0.980912,0.182874,0
3681,-0.69795,2.1079502,9.369,-0.281,0.854,-0.361,-0.415,1.236,9.719,-0.319,0.1117875,0.0455125,0.032542,-0.058192,-0.980565,0.184516,0
3720,-0.34095,2.0020502,9.582001,0.146,0.774,-0.214,-0.46,1.2,9.721,-0.1230625,0.0669625,0.07425,0.034606,-0.056868,-0.980214,0.186406,0
3760,-0.97605,2.21295,8.526,-0.485,0.94,-1.186,-0.481,1.265,9.712,-0.060225,-0.0576125,0.0251625,0.03632,-0.058908,-0.979841,0.187404,0
3800,-0.76005006,2.124,9.22305,-0.24,0.811,-0.436,-0.481,1.272,9.711,-0.229625,-0.077825,0.0433125,0.036369,-0.058993,-0.979547,0.188902,0
3840,-0.75600004,1.8970501,10.153951,-0.282,0.666,0.428,-0.466,1.227,9.718,-0.193325,-0.0501875,-0.035475,0.035293,-0.05704,-0.979605,0.189406,0
3880,-0.78405005,1.8829501,10.61205,-0.332,0.655,0.89,-0.443,1.223,9.719,0.0441375,-0.1695375,-0.0493625,0.033939,-0.057176,-0.979734,0.18894,0
3920,-1.04505,1.8750001,9.89595,-0.654,0.522,0.179,-0.408,1.316,9.709,0.109175,-0.18865,-0.09405,0.0332,-0.061973,-0.979721,0.187624,0
3961,-1.0879501,1.5829501,11.227051,-0.649,0.233,1.57,-0.399,1.332,9.707,-0.0144375,-0.05335,-0.0386375,0.032799,-0.063098,-0.979873,0.186522,0
4000,-0.79395,0.94605005,11.3869505,-0.377,-0.412,1.682,-0.409,1.355,9.703,0.1560625,-0.197175,-0.088825,0.033466,-0.064158,-0.979893,0.185935,0
4040,-1.2199501,0.20895001,11.188951,-0.855,-1.257,1.729,-0.315,1.325,9.711,-0.1986875,-0.2696375,-0.1122,0.028277,-0.063634,-0.980675,0.182829,0
4080,0,-0.34500003,13.342951,0.367,-1.485,3.602,-0.34,1.158,9.732,-0.042075,0.1170125,0.1285625,0.027983,-0.054953,-0.981028,0.183792,0
4120,0.09105001,0.16800001,10.863001,0.325,-1.027,0.938,-0.298,1.217,9.726,0.631125,-0.0587125,0.0540375,0.026565,-0.058298,-0.980542,0.185557,0
4161,0.49095002,0.717,7.7700005,0.832,-0.76,-2.005,-0.301,1.495,9.687,0.6919,0.0499125,0.0688875,0.029464,-0.072251,-0.979338,0.186567,0
4200,0.76095,0.61605,7.7719502,1.074,-1.034,-1.898,-0.324,1.647,9.661,0.1623875,0.0999625,-0.1772375,0.032018,-0.079725,-0.978914,0.185324,0
4240,0.651,0.23505001,9.59595,1.076,-1.397,-0.006,-0.422,1.615,9.663,-0.212575,0.2534125,-0.1654125,0.034791,-0.075436,-0.979749,0.182183,0
4281,0.33495003,0.043950003,10.248,0.739,-1.385,0.548,-0.412,1.426,9.693,-0.0741125,0.1032625,-0.1568875,0.033894,-0.067944,-0.980759,0.179848,0
4320,-0.14295001,0.087000005,10.008,0.28,-1.243,0.292,-0.403,1.352,9.704,0.0952875,-0.010725,-0.068475,0.032521,-0.064386,-0.981633,0.176613,0
4360,0.28305,1.00395,8.863951,0.696,-0.358,-0.943,-0.383,1.379,9.701,0.2657875,-0.0044,0.0785125,0.031724,-0.065988,-0.981704,0.175773,0
4400,0.71295005,1.53495,7.9920006,0.976,0.058,-1.671,-0.295,1.453,9.693,0.0059125,-0.0374,-0.0749375,0.027873,-0.070528,-0.981749,0.174402,0
4441,-0.29805002,1.437,8.95695,-0.007,0.013,-0.751,-0.278,1.416,9.699,-0.2646875,0.104225,-0.1335125,0.026472,-0.068691,-0.982708,0.169899,0
4480,0.120000005,1.50705,9.703951,0.447,0.158,-0.013,-0.324,1.325,9.711,-0.2476375,0.1841125,-0.0493625,0.027726,-0.064024,-0.983445,0.167232,0
4520,-0.39600003,1.6699501,9.522,-0.058,0.381,-0.275,-0.35,1.293,9.714,-0.0048125,0.005225,-0.09625,0.028464,-0.062306,-0.984239,0.163034,0
4560,-0.42795002,1.99995,8.884951,-0.043,0.645,-0.826,-0.378,1.342,9.706,-0.0111375,0.091437496,0.0422125,0.030284,-0.064562,-0.984262,0.161685,0
4601,0.028950002,2.0310001,9.534,0.419,0.662,-0.168,-0.392,1.367,9.702,-0.0889625,0.064899996,0.0092125,0.030765,-0.066657,-0.984138,0.161496,0
4640,-0.67395,2.0050502,10.11795,-0.253,0.604,0.408,-0.413,1.397,9.697,-0.0059125,0.1309,0.0273625,0.032482,-0.067107,-0.984287,0.16006,0
4680,-0.28095,2.0310001,10.2310505,0.215,0.556,0.512,-0.447,1.446,9.689,0.075075,0.039325,0.17655,0.034561,-0.069362,-0.983874,0.161198,0
4720,-0.54,1.8229501,11.253,-0.109,0.326,1.566,-0.42,1.485,9.684,0.006875,-0.0512875,0.1860375,0.033613,-0.071431,-0.983499,0.162774,0
4760,-0.504,1.5499501,12.1060505,-0.096,0.02,2.415,-0.407,1.518,9.679,0.2635875,0.1106875,0.401225,0.033509,-0.073108,-0.982789,0.166307,0
4800,0.14400001,1.9710001,10.129951,0.558,0.306,0.344,-0.361,1.686,9.653,0.465025,-0.2398,0.462,0.032962,-0.082326,-0.980824,0.173551,0
4840,-0.135,0.96300006,10.422001,0.051,-0.884,0.88,-0.228,1.742,9.647,-0.127325,-0.014025,0.1552375,0.027294,-0.085746,-0.980208,0.176335,0
4880,-0.76305,-0.324,12.07005,-0.478,-1.917,2.378,-0.27,1.576,9.675,-0.0878625,0.1010625,0.1711875,0.02791,-0.076943,-0.980839,0.17679,0
4920,-0.56595004,0.010050001,9.666,-0.291,-1.533,-0.197,-0.28,1.56,9.677,0.4565,0.005225,0.1595,0.028377,-0.076003,-0.980666,0.178076,0
4962,-1.0020001,0.36900002,7.7430005,-0.692,-1.26,-1.929,-0.301,1.628,9.665,0.2305875,-0.0097625,0.0369875,0.030011,-0.079253,-0.98052,0.177194,0
5000,-0.777,0.04605,8.983951,-0.434,-1.518,-0.577,-0.342,1.559,9.675,-0.30195,0.1766875,-0.0121,0.031237,-0.075464,-0.981175,0.174994,0
5040,-1.0720501,0.26895002,10.255051,-0.593,-1.114,0.543,-0.472,1.37,9.698,-0.1634875,0.21505,0.032725,0.035931,-0.064821,-0.982161,0.172816,0
5081,-0.48000002,0.92505,8.80605,0.039,-0.429,-0.901,-0.516,1.342,9.7,0.1837,0.0424875,0.1126125,0.037905,-0.063007,-0.98218,0.172959,0
5120,-0.33705002,1.42095,8.574,0.238,0.023,-1.124,-0.51,1.406,9.691,0.108075,-0.0268125,0.099825,0.038177,-0.066324,-0.981975,0.172821,0
5160,-0.09195001,1.5520501,8.280001,0.366,0.076,-1.434,-0.461,1.449,9.687,-0.009075,-0.0512875,-0.0226875,0.036167,-0.068875,-0.98171,0.173761,0
5200,-0.27405003,1.4760001,9.132,0.184,0.059,-0.568,-0.456,1.411,9.693,-0.21573749,-0.011825,-0.0738375,0.035513,-0.067052,-0.982035,0.172769,0
5240,-0.56895,1.52295,9.747001,-0.123,0.178,-0.005,-0.448,1.346,9.703,-0.0878625,-0.0246125,-0.136675,0.034373,-0.063827,-0.982623,0.170865,0
5280,-0.87795,2.01195,8.847,-0.391,0.642,-0.846,-0.439,1.373,9.7,-0.006875,-0.18865,-0.1079375,0.033818,-0.065455,-0.982993,0.168214,0
5321,-0.58995,2.24895,9.29205,-0.175,0.808,-0.402,-0.409,1.44,9.691,-0.0218625,-0.100237496,-0.087725,0.032932,-0.069146,-0.983067,0.166472,0
5360,-0.82500005,2.3760002,9.68295,-0.416,0.875,-0.013,-0.398,1.494,9.683,-0.0026125,-0.130075,-0.101475,0.032744,-0.072023,-0.983184,0.164583,0
5400,-0.6,1.899,10.438951,-0.222,0.366,0.753,-0.377,1.526,9.679,-0.023924999,-0.114125,-0.190025,0.031728,-0.073919,-0.983512,0.161962,0
5440,-1.42095,1.1740501,11.883,-1.027,-0.324,2.192,-0.388,1.496,9.684,0.0441375,-0.0171875,-0.220825,0.031731,-0.072466,-0.984401,0.157146,0
5480,-0.384,1.7920501,10.66695,0.103,0.273,0.872,-0.422,1.568,9.671,0.411675,-0.1067,0.0028875,0.033661,-0.076475,-0.984299,0.155477,0
5520,0.35895002,1.75995,10.453951,0.651,0.016,0.883,-0.283,1.671,9.658,-0.10285,-0.4379375,-0.172975,0.027562,-0.082301,-0.984289,0.153756,0
5560,0.71295005,0.71205,12.583951,0.842,-0.829,2.887,-0.133,1.537,9.684,-0.3084125,-0.216425,-0.1846625,0.01808,-0.075958,-0.985585,0.150084,0
5600,-0.38700002,0.64695,10.281,-0.238,-0.842,0.576,-0.147,1.491,9.691,0.4266625,0.21395,-0.304975,0.018617,-0.074322,-0.986324,0.14592,0
5641,-1.416,1.212,7.34805,-1.129,-0.417,-2.351,-0.232,1.643,9.665,0.3328875,0.003025,-0.2145,0.023669,-0.081555,-0.986402,0.140704,0
5680,-0.01305,0.55395,8.731951,0.288,-1.141,-0.838,-0.261,1.645,9.664,-0.2583625,0.1628,-0.1920875,0.024873,-0.081546,-0.986822,0.137522,0
5720,0.177,0.43695003,10.747951,0.477,-1.009,1.132,-0.327,1.431,9.696,-0.4235,0.2278375,-0.2996125,0.026372,-0.070297,-0.988215,0.133389,0
5760,-0.18795002,0.47205,11.49495,0.281,-0.812,1.68,-0.444,1.329,9.705,0.007975,0.326975,-0.1324125,0.031352,-0.06445,-0.989001,0.129382,0
5800,0.33,1.485,8.233951,0.856,0.088,-1.612,-0.502,1.423,9.689,0.45113748,0.1106875,0.0540375,0.034932,-0.068823,-0.988558,0.129599,0
5841,-0.15705001,2.26305,6.8479505,0.359,0.707,-2.832,-0.509,1.553,9.669,0.1560625,-0.0661375,0.0017875,0.036134,-0.075539,-0.987972,0.129993,0
5880,0.61305004,2.112,7.7839503,1.063,0.569,-1.788,-0.491,1.528,9.674,-0.23485,0.0840125,-0.0121,0.035178,-0.074217,-0.988027,0.130597,0
5920,-0.41595003,2.12895,9.09795,0.062,0.655,-0.556,-0.512,1.469,9.682,-0.27005,0.0584375,-0.12925,0.035757,-0.070844,-0.988429,0.129264,0
5960,-0.50895,2.04495,9.649051,-0.031,0.616,-0.031,-0.513,1.426,9.688,-0.18053749,0.039325,-0.0760375,0.03543,-0.06879,-0.988769,0.127854,0
6001,-0.85605,2.1360002,10.06305,-0.267,0.712,0.364,-0.576,1.412,9.687,-0.127325,0.11495,0.07205,0.038983,-0.068513,-0.988621,0.128114,0
6040,-0.67695004,1.8780001,11.566951,-0.074,0.468,1.932,-0.606,1.411,9.685,-5.50E-04,0.124437496,0.1936,0.040459,-0.067505,-0.988176,0.131577,0
6080,-1.1190001,1.8079501,11.416051,-0.476,0.307,1.677,-0.653,1.503,9.668,0.4489375,0.0606375,0.3554375,0.043748,-0.072089,-0.987019,0.13668,0
6120,-0.30795002,2.4090002,9.984,0.303,0.669,0.349,-0.603,1.727,9.634,0.6045875,-0.0501875,0.552475,0.043466,-0.083622,-0.984843,0.145605,0
6161,0.59895,2.56005,9.181951,1.098,0.607,-0.416,-0.513,1.953,9.596,0.0858,-0.2781625,0.418275,0.041231,-0.094939,-0.982474,0.155019,0
6200,0.40695003,0.06105,12.25395,0.568,-1.885,2.852,-0.297,1.776,9.639,-0.74085,0.056375,-0.0845625,0.029461,-0.087381,-0.983168,0.157724,0
6241,-2.1079502,-0.57000005,12.936001,-1.69,-2.185,3.263,-0.406,1.627,9.662,0.1538625,0.2715625,0.198825,0.033789,-0.078897,-0.983642,0.158368,0
6280,-1.218,0.70005006,7.827,-0.826,-1.078,-1.941,-0.352,1.841,9.625,0.7195375,-0.3804625,0.3309625,0.03312,-0.090785,-0.981622,0.164557,0
6320,-0.20700002,0.84405005,6.8550005,-0.021,-1.157,-2.75,-0.183,1.988,9.601,-0.06875,-0.25575,0.0710875,0.026444,-0.098857,-0.980496,0.167792,0
6360,-1.16295,0.25005,10.441951,-0.928,-1.565,0.797,-0.236,1.798,9.637,-0.6375875,0.32793748,-0.205975,0.027337,-0.088767,-0.981648,0.166548,0
6401,-1.9410001,0.504,10.83705,-1.537,-1.082,1.103,-0.366,1.668,9.656,0.006875,0.17985,0.0347875,0.032802,-0.08107,-0.982388,0.165118,0
6440,-0.71505004,1.21905,8.172,-0.315,-0.5,-1.581,-0.352,1.74,9.644,0.360525,-0.2844875,0.1786125,0.032763,-0.084788,-0.98168,0.167453,0
6480,-0.28905,1.401,7.971,-0.036,-0.375,-1.584,-0.29,1.805,9.634,-0.0187,0.0350625,0.114675,0.030452,-0.088563,-0.980966,0.170099,0
6521,-0.42000002,1.4779501,8.952001,-0.069,-0.289,-0.734,-0.325,1.76,9.641,-0.1145375,-0.0342375,0.0518375,0.031997,-0.085908,-0.980818,0.17202,0
6560,-0.61905,1.31295,9.22095,-0.334,-0.384,-0.366,-0.292,1.691,9.655,-0.16775,-0.1599125,-0.053625,0.029649,-0.082716,-0.981239,0.171602,0
6602,-1.1550001,1.7560501,9.41205,-0.82,0.109,-0.252,-0.323,1.634,9.664,-0.0655875,-0.0661375,0.030524999,0.030658,-0.079541,-0.981554,0.171126,0
6640,-0.34395,2.12895,9.015,-0.045,0.53,-0.673,-0.294,1.648,9.662,-0.0187,-0.1098625,0.0710875,0.02944,-0.080498,-0.981305,0.172317,0
6681,-0.51405,2.5410001,9.283051,-0.247,0.843,-0.381,-0.256,1.689,9.656,-0.0400125,-0.1843875,-0.0078375,0.027935,-0.082905,-0.981076,0.172729,0
6720,-0.29295,2.32995,9.89595,-0.089,0.562,0.33,-0.223,1.712,9.653,-0.211475,0.004125,-0.1249875,0.026396,-0.084227,-0.981225,0.171483,0
6760,-0.70500004,1.9450501,10.924951,-0.442,0.282,1.247,-0.266,1.652,9.662,-0.0847,-0.0726,-0.219725,0.027631,-0.080967,-0.982059,0.168046,0
6800,-0.62595004,2.055,10.80105,-0.341,0.38,1.14,-0.284,1.662,9.66,0.1071125,0.0083875,-0.121825,0.02844,-0.081521,-0.982582,0.164552,0
6841,0.16305001,2.0670002,9.924001,0.335,0.377,0.322,-0.226,1.747,9.647,0.1794375,-0.3548875,-0.19525,0.025338,-0.086792,-0.982686,0.161717,0
6882,1.0819501,0.975,11.575951,1.063,-0.665,1.758,-0.035,1.707,9.656,-0.3595625,-0.3804625,-0.33165,0.013584,-0.08463,-0.984039,0.155949,0
6920,0.56505,0.20895001,12.486001,0.367,-1.268,2.594,0.04,1.5,9.691,0.1060125,0.2512125,-0.4104375,0.009467,-0.076168,-0.985734,0.149786,0
6960,-0.67905,1.18305,7.9489503,-0.612,-0.451,-1.73,-0.054,1.622,9.671,0.4873,-0.100237496,-0.3785375,0.014638,-0.081779,-0.986316,0.142396,0
7000,-0.384,0.40800002,8.257951,-0.325,-1.347,-1.231,-0.039,1.679,9.661,-0.2743125,0.089375,-0.392425,0.013714,-0.08463,-0.987194,0.134523,0
7040,-0.15900001,-0.096,10.437,0.004,-1.574,0.74,-0.16,1.471,9.694,-0.430925,0.28105,-0.3114375,0.017817,-0.073549,-0.988838,0.12834,0
7081,-0.60705,0.039,10.695001,-0.31,-1.198,0.966,-0.295,1.218,9.726,-0.211475,0.3130875,-0.1793,0.022736,-0.059897,-0.990202,0.124073,0
7120,-0.432,0.90795004,9.358951,-0.025,-0.264,-0.481,-0.357,1.174,9.729,0.141075,-0.0726,0.0369875,0.025466,-0.05744,-0.990403,0.123099,0
7160,-0.31695002,1.47105,7.5780005,-0.032,0.235,-2.188,-0.333,1.248,9.721,0.058025,0.0999625,0.0529375,0.024977,-0.061196,-0.99002,0.124457,0
7200,-0.07305,1.3729501,8.689051,0.369,0.106,-0.936,-0.383,1.228,9.721,-0.33715,0.089375,0.0774125,0.027364,-0.059779,-0.989829,0.126156,0
7240,-0.34905002,1.2270001,9.40305,0.064,0.113,-0.336,-0.404,1.112,9.734,-0.3223,0.2118875,-0.0429,0.027738,-0.053709,-0.990046,0.127101,0
7281,-0.62595004,1.4490001,10.047001,-0.037,0.428,0.365,-0.506,1.014,9.74,-0.286,0.1969,0.1456125,0.032336,-0.04808,-0.990048,0.128246,0
7320,0.132,1.7029501,9.59895,0.655,0.723,-0.207,-0.506,1.005,9.741,0.007975,-0.0320375,0.21807499,0.032441,-0.047487,-0.989502,0.132582,0
7360,0.12195001,1.81305,9.670951,0.536,0.741,-0.027,-0.454,1.056,9.738,-0.06985,0.124437496,0.168025,0.030394,-0.050266,-0.988888,0.13656,0
7400,-0.15195,1.7200501,9.783,0.362,0.621,-0.022,-0.485,1.094,9.733,0.0719125,0.0510125,0.24035,0.03243,-0.05184,-0.988138,0.140867,0
7440,0.076950006,1.4419501,10.663951,0.463,0.239,1.057,-0.422,1.149,9.729,-0.0165,0.0584375,0.216975,0.029951,-0.054953,-0.987339,0.145749,0
7481,-0.81495005,1.3080001,11.245951,-0.418,0.153,1.417,-0.44,1.194,9.723,0.3073125,0.04675,0.3480125,0.031464,-0.056935,-0.986382,0.151053,0
7520,-0.18300001,2.11695,10.00605,0.35,0.72,0.24,-0.418,1.363,9.702,0.3232625,-0.1098625,0.51094997,0.032291,-0.065375,-0.984495,0.159539,0
7560,0.74205005,0.147,11.529,0.879,-1.36,1.95,-0.239,1.36,9.708,-0.2924625,-0.2451625,0.1296625,0.023677,-0.066548,-0.983552,0.166237,0
7600,-0.669,-0.975,12.418951,-0.427,-2.172,2.566,-0.239,1.177,9.732,0.0143,0.1340625,0.064625,0.022271,-0.057011,-0.98397,0.167498,0
7640,-0.768,-0.03195,9.003,-0.556,-1.138,-1.025,-0.263,1.198,9.729,0.4489375,-0.094875,0.1051875,0.02364,-0.058032,-0.98357,0.1693,0
7680,-0.57795,0.58695,7.65705,-0.389,-0.712,-2.063,-0.182,1.298,9.718,-0.077275,-0.25795,-0.0642125,0.0205,-0.063802,-0.983197,0.169801,0
7721,-0.87000006,-0.18300001,10.719001,-0.696,-1.312,0.979,-0.162,1.135,9.739,-0.4181375,0.1596375,-0.2410375,0.017851,-0.055798,-0.984244,0.166825,0
7760,-1.8829501,0.3,10.255051,-1.542,-0.663,0.435,-0.31,0.976,9.752,-0.034649998,0.1661,-0.1238875,0.025774,-0.0453,-0.985222,0.163158,0
7800,-1.608,0.73605,8.967,-1.011,-0.164,-0.881,-0.458,0.965,9.748,0.1230625,0.0191125,0.0924,0.031194,-0.044953,-0.985135,0.162831,0
7840,-0.74595004,1.1400001,8.988001,-0.261,0.116,-0.766,-0.468,1.017,9.742,0.0633875,-0.0842875,0.1104125,0.032378,-0.04713,-0.984586,0.165286,0
7880,-0.30795002,1.11195,9.016951,0.136,0.055,-0.724,-0.436,1.047,9.74,0.0026125,-0.0991375,0.032725,0.030813,-0.049053,-0.984287,0.166802,0
7921,-0.44400004,0.87705004,9.346951,-0.077,-0.144,-0.358,-0.426,1.029,9.743,-0.093225,0.0862125,-0.0845625,0.030263,-0.048195,-0.98439,0.166543,0
7960,-1.3110001,0.98505,9.493951,-0.757,-0.022,-0.317,-0.495,1.003,9.742,0.0196625,-0.0768625,-0.088825,0.03339,-0.046373,-0.98472,0.164501,0
8000,-0.66195005,1.2940501,8.83005,-0.167,0.276,-0.914,-0.486,1.031,9.74,5.50E-04,-0.0427625,-0.011,0.03317,-0.047883,-0.984742,0.163977,0
8040,-0.94905007,1.54305,9.54405,-0.4,0.514,-0.15,-0.484,1.037,9.739,-0.086899996,-0.1397,-0.003575,0.033105,-0.048235,-0.984809,0.163488,0
8080,0.00195,1.9300501,9.82905,0.427,0.862,0.055,-0.441,1.071,9.737,0.0878625,-0.0768625,-0.013062499,0.031226,-0.050267,-0.98466,0.164141,0
8120,-0.54495,2.16,9.177,-0.127,0.943,-0.516,-0.39,1.208,9.724,0.108075,-0.1727,-0.120725,0.029745,-0.057683,-0.984573,0.162492,0
8161,-0.40395,1.9590001,9.88395,-0.026,0.657,0.171,-0.354,1.276,9.716,0.034649998,-0.0726,-0.16115,0.028333,-0.061499,-0.984819,0.159832,0
8200,-0.82005006,1.593,10.783951,-0.529,0.283,1.113,-0.342,1.296,9.714,-0.00165,-0.062975,-0.2325125,0.027628,-0.062701,-0.985367,0.156062,0
8240,-1.098,1.8730501,10.552051,-0.712,0.521,0.779,-0.349,1.344,9.707,0.1742125,-0.2088625,-0.113299996,0.028175,-0.065199,-0.98574,0.152547,0
8280,-0.432,1.62195,10.200001,-0.062,0.147,0.541,-0.291,1.404,9.701,-0.03355,-0.2195875,-0.103675,0.025562,-0.068756,-0.985896,0.150421,0
8320,0.156,0.58695,11.94495,0.384,-0.74,2.306,-0.207,1.285,9.719,-0.296725,-0.1056,-0.1687125,0.020201,-0.06337,-0.986765,0.147884,0
8361,0.27795002,0.48900002,10.927951,0.5,-0.726,1.193,-0.228,1.203,9.729,0.2231625,0.24695,-0.1420375,0.020499,-0.059117,-0.9874,0.145346,0
8400,-0.46305,0.68595004,8.6959505,-0.205,-0.589,-1.08,-0.284,1.298,9.716,0.3755125,-0.02255,-0.1687125,0.023871,-0.063951,-0.987498,0.142083,0
8440,0.80895007,0.37695003,8.581051,1.187,-0.999,-1.084,-0.247,1.381,9.705,0.0281875,-0.1109625,-0.071775,0.022341,-0.068154,-0.987558,0.139944,0
8480,1.0849501,0.22305001,9.982051,1.124,-1.001,0.337,-0.143,1.232,9.727,-0.30195,0.1618375,-0.31033748,0.015938,-0.061374,-0.988496,0.137312,0
8521,-0.006,0.384,11.15295,0.189,-0.706,1.397,-0.189,1.087,9.744,-0.0548625,0.064899996,-0.135575,0.016961,-0.053775,-0.989552,0.132689,0
8560,0.18195,0.93705004,9.048,0.319,-0.164,-0.833,-0.153,1.123,9.74,0.2743125,-0.1417625,6.88E-04,0.015331,-0.055835,-0.989577,0.131844,0
8600,-0.030000001,1.38195,7.9159503,0.049,0.167,-1.804,-0.089,1.208,9.731,0.0537625,-0.08855,-2.75E-04,0.012639,-0.060627,-0.989317,0.131966,0
8640,-0.23400001,1.365,8.95005,-0.142,0.151,-0.782,-0.089,1.21,9.731,-0.0793375,9.63E-04,0.0592625,0.012913,-0.060957,-0.989221,0.132506,0
8680,0.58395004,1.3750501,8.6629505,0.593,0.141,-1.014,-0.048,1.206,9.732,-0.1507,-0.0342375,-0.0386375,0.010713,-0.060751,-0.989113,0.133599,0
8720,-0.588,1.2580501,9.832951,-0.491,0.116,0.148,-0.093,1.136,9.74,-0.2083125,0.2107875,-0.036575,0.012432,-0.056918,-0.989505,0.132228,0
8761,0.39705002,1.57605,10.03695,0.551,0.454,0.282,-0.159,1.111,9.742,-0.009075,0.1425875,0.1285625,0.015682,-0.05518,-0.989306,0.134095,0
8800,0.15105,2.0050502,10.123051,0.27,0.842,0.424,-0.172,1.159,9.736,0.0303875,0.14575,0.0688875,0.016955,-0.05747,-0.98883,0.136468,0
8840,-0.55005,2.1079502,10.71195,-0.254,0.867,0.996,-0.235,1.257,9.722,0.1848,0.157575,0.2809125,0.020908,-0.061926,-0.988045,0.139623,0
8880,0.711,2.32305,10.432051,0.951,0.914,0.716,-0.229,1.401,9.703,0.2828375,0.056375,0.3405875,0.022136,-0.069132,-0.986518,0.146666,0
8920,-0.279,2.3059502,10.659,-0.121,0.755,0.955,-0.191,1.546,9.682,0.2891625,0.047849998,0.2957625,0.021762,-0.076685,-0.985139,0.152139,0
8961,-0.006,1.9740001,10.071,0.194,0.239,0.391,-0.166,1.681,9.66,0.2402125,-0.16733749,0.3832125,0.022181,-0.083572,-0.983454,0.159187,0
9000,-0.47100002,0.85095006,11.541,-0.414,-0.861,1.967,-0.075,1.664,9.664,-0.20405,-0.048125,0.265925,0.018068,-0.081728,-0.982761,0.164847,0
9040,-0.09705,0.00795,12.0390005,0.007,-1.512,2.228,-0.075,1.512,9.688,0.13255,9.63E-04,0.3213375,0.017071,-0.075553,-0.982196,0.171145,0
9080,-1.35405,0.61395,8.553,-1.245,-0.938,-1.26,-0.129,1.578,9.677,0.465025,0.054175,0.1700875,0.020763,-0.078318,-0.981131,0.175542,0
9120,-0.87495005,0.62295,7.4539504,-0.723,-1.098,-2.194,-0.094,1.697,9.658,0.10065,-0.12045,0.07425,0.020271,-0.084611,-0.980157,0.178106,0
9160,-0.69105005,0.15900001,9.667951,-0.557,-1.466,0.064,-0.15,1.602,9.673,-0.2657875,0.291775,-0.0323125,0.022283,-0.079298,-0.980454,0.178671,0
9200,-1.3879501,0.52500004,10.012951,-1.065,-0.92,0.315,-0.315,1.434,9.696,-0.0537625,0.124437496,0.049775,0.028987,-0.069266,-0.981064,0.178535,0
9240,-0.47505003,0.83400005,9.12495,-0.092,-0.536,-0.626,-0.37,1.407,9.697,0.092125,0.122375,0.15413749,0.031855,-0.067414,-0.98057,0.181446,0
9280,-0.80805004,1.23405,8.854051,-0.407,-0.195,-0.841,-0.395,1.421,9.695,-5.50E-04,-0.047025,0.122099996,0.033235,-0.067723,-0.980057,0.183835,0
9321,0.34995002,1.4760001,9.349951,0.711,0.062,-0.354,-0.37,1.408,9.697,-0.0644875,-0.0363,0.1370875,0.032077,-0.067156,-0.979516,0.187107,0
9360,-0.021000002,1.7010001,9.07695,0.279,0.286,-0.655,-0.304,1.416,9.699,-0.0367125,-0.0694375,-0.0589875,0.028931,-0.068171,-0.979418,0.187762,0
9400,0.16995001,1.7490001,9.313951,0.407,0.327,-0.37,-0.257,1.415,9.7,-0.115637496,-0.0235125,-0.152625,0.026449,-0.068541,-0.97978,0.186098,0
9440,-0.47505003,1.8870001,9.319051,-0.186,0.468,-0.384,-0.277,1.411,9.7,-0.023924999,0.006325,-0.220825,0.027143,-0.068344,-0.980417,0.182683,0
9480,-0.45405003,2.23005,9.37905,-0.151,0.775,-0.324,-0.297,1.445,9.695,-0.0367125,-0.0523875,-0.2176625,0.028218,-0.069966,-0.981025,0.178599,0
9521,-0.45405003,2.29005,9.502951,-0.154,0.801,-0.195,-0.297,1.509,9.685,0.042075,-0.0939125,-0.27513748,0.028412,-0.073352,-0.981644,0.173744,0
9560,-0.45405003,2.4379501,9.56805,-0.224,0.864,-0.1,-0.279,1.573,9.675,0.0165,-0.0672375,-0.4169,0.027586,-0.076962,-0.982508,0.167308,0
9600,-0.81795,2.3160002,10.176001,-0.482,0.674,0.493,-0.321,1.613,9.667,0.0176,-0.0672375,-0.3839,0.02946,-0.078881,-0.983598,0.159513,0
9640,-1.15995,2.187,10.42695,-0.857,0.535,0.787,-0.34,1.657,9.659,0.092125,-0.0715,-0.36685,0.030176,-0.081176,-0.984573,0.152033,0
9680,-0.82695,2.055,9.87195,-0.431,0.341,0.16,-0.358,1.729,9.646,0.1188,-0.267575,-0.290125,0.031076,-0.084889,-0.985205,0.145599,0
9721,0.012,1.284,10.86795,0.317,-0.478,1.351,-0.276,1.704,9.653,-0.23485,-0.2718375,-0.3092375,0.026252,-0.08438,-0.986244,0.139685,0
9760,-0.34395,0.56100005,12.960001,-0.135,-0.98,3.27,-0.232,1.538,9.682,-0.1199,0.005225,-0.307175,0.022318,-0.076415,-0.987847,0.13349,0
9800,-0.24300002,0.93000007,9.522,-0.021,-0.618,-0.305,-0.251,1.572,9.676,0.4426125,-0.014025,-0.219725,0.023209,-0.078522,-0.988282,0.128814,0
9840,-0.43005002,0.87900007,8.530951,-0.125,-0.828,-0.999,-0.242,1.659,9.662,0.0165,-0.0427625,-0.2080375,0.022882,-0.082677,-0.98852,0.124368,0
9880,0.74205005,0.20895001,10.971001,0.947,-1.319,1.292,-0.211,1.524,9.685,-0.161425,0.0350625,-0.20487499,0.02026,-0.076049,-0.989462,0.121533,0
9920,0.12495001,0.726,10.291051,0.297,-0.687,0.518,-0.202,1.45,9.696,0.0900625,0.01375,-0.2325125,0.018971,-0.072412,-0.990283,0.117195,0
9961,0.33,1.3300501,8.84895,0.52,-0.163,-0.852,-0.193,1.484,9.691,0.161425,0.0297,-0.113299996,0.018519,-0.074268,-0.990485,0.114369,0
10000,-0.51105005,1.6810501,8.17695,-0.336,0.13,-1.589,-0.22,1.555,9.68,0.1571625,0.07865,-0.0834625,0.020293,-0.0779,-0.990392,0.112435,0
10040,0.63705003,1.8319501,7.9249506,0.874,0.17,-1.714,-0.193,1.626,9.668,-0.0281875,-0.2014375,-0.053625,0.017622,-0.082453,-0.990156,0.111715,0
10080,1.0699501,1.3939501,9.826051,1.151,-0.184,0.141,-0.089,1.573,9.679,-0.2327875,0.1032625,-0.220825,0.013399,-0.079522,-0.990701,0.109574,0
10121,0.43305,1.5619501,10.00605,0.497,0.048,0.307,-0.075,1.504,9.69,-0.06985,-0.0374,-0.253825,0.011941,-0.0761,-0.991485,0.104986,0
10160,1.389,2.112,9.63,1.406,0.63,-0.071,-0.003,1.521,9.687,0.03355,-0.027775,-0.190025,0.008078,-0.077411,-0.991798,0.101384,0
10200,1.44105,2.2350001,9.441,1.371,0.655,-0.239,0.058,1.578,9.678,0.0559625,0.020075,-0.3199625,0.004938,-0.080682,-0.992,0.09696,0
10240,1.6020001,2.3059502,9.469951,1.435,0.631,-0.195,0.158,1.67,9.662,0.110275,0.01485,-0.5138375,-5.08E-04,-0.086075,-0.992261,0.089487,0
10281,1.1179501,2.26605,9.1699505,0.939,0.501,-0.479,0.177,1.759,9.645,0.0836,0.0521125,-0.660825,-0.001787,-0.090581,-0.992794,0.078425,0
10320,1.3120501,2.14395,9.979951,1.089,0.303,0.428,0.19,1.807,9.636,0.039875,9.63E-04,-0.726825,-0.003651,-0.092991,-0.9935,0.065538,0
10360,0.97395,2.04495,9.774,0.772,0.184,0.138,0.194,1.858,9.627,0.1401125,-0.0012375,-0.760925,-0.004939,-0.095575,-0.994031,0.052357,0
10400,0.86205006,2.23005,10.408051,0.675,0.296,0.791,0.182,1.924,9.614,0.1731125,0.0265375,-0.7726125,-0.006203,-0.09926,-0.994337,0.037434,0
10441,0.55995005,2.12895,10.05405,0.388,0.03,0.417,0.196,2.026,9.592,0.1901625,-0.3432,-0.864325,-0.007796,-0.104081,-0.994297,0.021872,0
10480,0.73695004,0.09900001,11.575951,0.38,-1.931,2.159,0.259,1.945,9.608,-0.262625,-0.031075,-1.0847375,-0.013031,-0.099723,-0.994926,0.00256,0
10520,-0.11595,0.07005,12.988951,-0.176,-1.768,3.146,0.121,1.849,9.629,0.262625,0.0776875,-0.996325,0.007908,0.09462,0.995326,0.017615,0
10560,-0.25995,0.95100003,7.9210505,-0.336,-1.053,-1.688,0.077,1.993,9.601,0.7206375,-0.2963125,-1.1688875,0.007761,0.101939,0.994082,0.036707,0
10600,-1.1029501,0.54405004,7.8870006,-1.161,-1.606,-1.458,0.085,2.11,9.576,-0.253,-0.165275,-1.24355,0.011129,0.107758,0.992168,0.062173,0
10641,-0.74805003,-0.00105,11.406,-0.664,-1.835,1.886,-0.019,1.904,9.619,-0.362725,0.0862125,-1.083775,0.006681,0.096602,0.991705,0.084522,0
10680,-0.63795,0.68100005,10.15005,-0.586,-1.147,0.357,-0.08,1.869,9.626,0.20927499,-0.25795,-1.0241,0.005914,0.09568,0.98992,0.104245,0
10720,-0.74100006,1.107,8.854051,-0.606,-0.785,-0.714,-0.101,1.888,9.622,0.058025,-0.20253749,-0.9612625,0.006887,0.096625,0.987527,0.124121,0
10760,-0.11595,1.06095,9.77595,-0.007,-0.733,0.142,-0.141,1.809,9.637,0.0059125,-0.0726,-1.0432125,0.006104,0.092756,0.985363,0.142887,0
10800,-0.39600003,1.3920001,8.928,-0.225,-0.421,-0.715,-0.168,1.81,9.636,0.1379125,-0.2366375,-1.1316249,0.006899,0.092979,0.98182,0.165338,0
10841,-0.33405003,1.50405,8.505,-0.116,-0.316,-1.135,-0.21,1.814,9.634,-0.0229625,-0.012925,-1.2029876,0.00681,0.09331,0.978035,0.186262,0
10880,-0.94905007,1.593,9.71595,-0.646,-0.193,0.136,-0.306,1.759,9.642,-0.113437496,-0.1258125,-1.2126125,0.003623,0.091266,0.973248,0.21082,0
10920,-0.42795002,1.677,9.558001,-0.057,-0.045,-0.18,-0.337,1.734,9.646,0.1155,-0.2770625,-1.0784125,0.003825,0.090356,0.968684,0.231238,0
10960,-0.53805,2.00895,9.003,-0.203,0.232,-0.637,-0.327,1.769,9.64,0.023924999,-0.1951125,-1.1114125,0.006793,0.091896,0.963016,0.253194,0
11000,-0.61005,2.1030002,9.118051,-0.259,0.314,-0.525,-0.339,1.782,9.637,0.022824999,-0.249425,-1.1231,0.008433,0.092532,0.957231,0.273997,0
11041,-1.014,2.1390002,9.68505,-0.632,0.348,0.049,-0.375,1.789,9.634,-0.0708125,-0.1780625,-1.1572,0.008774,0.093149,0.950728,0.295569,0
11080,-1.2420001,1.7530501,10.449,-0.845,-0.038,0.73,-0.405,1.784,9.634,0.1837,-0.315425,-1.1284626,0.009364,0.093231,0.943856,0.316787,0
11120,-1.4260501,1.7490001,9.805051,-1.014,-0.065,0.235,-0.442,1.822,9.625,0.117699996,-0.1918125,-1.07195,0.010199,0.095599,0.936363,0.337609,0
11160,-1.215,2.4859502,10.330951,-0.644,0.654,0.63,-0.501,1.874,9.612,0.296725,-0.30153748,-0.895125,0.010503,0.099077,0.929334,0.355542,0
11200,-1.16295,2.5549502,8.93805,-0.634,0.462,-0.73,-0.449,2.026,9.584,0.261525,-0.621225,-0.982575,0.018117,0.104982,0.921558,0.373336,0
11241,0.273,0.975,10.95195,0.549,-0.97,1.341,-0.271,1.922,9.612,-0.7984625,-0.4731375,-1.00595,0.026035,0.096016,0.914498,0.392167,0
11280,-0.08295,0.058050003,15.048,0.27,-1.515,5.282,-0.324,1.583,9.672,-0.3553,0.1661,-0.709775,0.018003,0.080717,0.909243,0.407967,0
11320,-0.61005,1.1209501,9.181951,-0.328,-0.56,-0.744,-0.243,1.717,9.651,0.7951625,-0.69685,-0.661925,0.025781,0.084985,0.903061,0.420228,0
11360,1.2379501,1.4470501,6.91305,1.377,-0.496,-2.747,-0.083,1.939,9.612,0.3328875,-0.2600125,-0.5841,0.039121,0.091483,0.89715,0.430372,0
11400,0.95505005,0.77595,8.6629505,1.053,-1.184,-0.857,-0.154,1.92,9.615,-0.3212,0.1863125,-0.8908625,0.036768,0.091608,0.890899,0.443344,0
11440,-0.26205,0.609,10.032001,0.022,-1.156,0.399,-0.281,1.783,9.639,-0.2976875,0.08195,-0.8600625,0.029322,0.087677,0.883575,0.459071,0
11481,-0.36495003,1.19295,9.948001,-0.041,-0.412,0.219,-0.353,1.679,9.655,0.0292875,0.0743875,-0.5735125,0.024691,0.084309,0.87777,0.470957,0
11520,0.093,2.02095,8.12895,0.456,0.282,-1.556,-0.306,1.733,9.647,0.0526625,-0.3389375,-0.3774375,0.029177,0.085242,0.873187,0.478985,0
11560,0.47895002,2.1049502,9,0.672,0.339,-0.633,-0.209,1.73,9.65,-0.1816375,-0.064075,-0.3933875,0.033766,0.0826,0.869978,0.484947,0
11600,0.03795,1.88505,9.39105,0.208,0.177,-0.235,-0.167,1.674,9.661,-0.2487375,-0.198275,-0.4541625,0.034892,0.078736,0.866165,0.492281,0
11640,0.591,1.4779501,10.36695,0.62,-0.088,0.686,-0.103,1.573,9.679,-0.22,-0.0097625,-0.4615875,0.035779,0.072277,0.862378,0.499798,0
11681,-0.49500003,1.8199501,9.369,-0.328,0.269,-0.326,-0.161,1.541,9.683,0.0037125,0.08195,-0.36465,0.032887,0.072163,0.85813,0.507269,0
11720,-0.147,2.0650501,8.920951,0.076,0.483,-0.742,-0.198,1.573,9.677,-0.0495,-0.0171875,-0.2325125,0.032527,0.074244,0.855383,0.511613,0
11760,-0.41805002,2.11695,9.538951,-0.198,0.541,-0.113,-0.223,1.583,9.675,-0.044275,0.0829125,-0.153725,0.031935,0.075298,0.853481,0.514665,0
11800,0.01695,2.36595,9.747001,0.276,0.728,0.071,-0.262,1.627,9.667,0.0867625,0.022275,-0.014162499,0.032404,0.078938,0.852812,0.515197,0
11840,-0.372,2.3809502,9.66405,-0.106,0.633,0.008,-0.261,1.736,9.648,0.1304875,0.0317625,0.0347875,0.03456,0.08313,0.852559,0.514818,0
11880,-0.010950001,2.043,11.15295,0.194,0.214,1.69,-0.261,1.773,9.641,0.0356125,0.090475,0.1274625,0.035262,0.084809,0.853517,0.512905,0
11920,-0.68100005,2.1720002,11.227051,-0.386,0.329,1.594,-0.295,1.843,9.627,0.40645,0.0999625,0.2979625,0.035279,0.088904,0.855386,0.509082,0
11960,-0.384,2.2009501,9.201,-0.115,0.179,-0.4,-0.26,2.02,9.592,0.3254625,-0.2344375,0.3735875,0.040848,0.096098,0.858068,0.502807,0
12000,0.45000002,0.86700004,11.409,0.584,-1.093,1.79,-0.135,1.952,9.609,-0.432025,-0.1695375,0.2308625,0.04406,0.089402,0.861176,0.498438,0
12040,0.54795,-0.16095,12.694951,0.589,-1.963,2.883,-0.139,1.827,9.633,0.032449998,0.2299,0.0540375,0.040408,0.084696,0.863269,0.495943,0
12081,-0.80595005,0.99705005,8.710951,-0.601,-0.92,-0.912,-0.203,1.924,9.613,0.53955,0.0402875,-0.0056375,0.040055,0.090722,0.863051,0.495284,0
12120,-0.80100006,1.5469501,7.28805,-0.542,-0.555,-2.267,-0.179,2.081,9.581,0.1890625,-0.113025,-0.001375,0.045151,0.097143,0.862314,0.494913,0
12160,0.50805,0.64995,9.999001,0.624,-1.372,0.534,-0.161,1.998,9.599,-0.2850375,0.089375,-0.1687125,0.043889,0.092955,0.862313,0.495831,0
12200,-1.1869501,0.64695,10.771951,-0.999,-1.16,1.09,-0.266,1.841,9.628,-0.0292875,0.2129875,-0.29865,0.035615,0.088383,0.860425,0.500587,0
12240,-1.12395,1.3369501,9.004951,-0.695,-0.482,-0.689,-0.38,1.844,9.624,0.2316875,0.005225,-0.0812625,0.030997,0.091361,0.858584,0.503512,0
12281,-0.92100006,1.74405,8.239051,-0.474,-0.144,-1.343,-0.424,1.901,9.611,0.025024999,0.006325,-0.0727375,0.030686,0.095012,0.85758,0.504565,0
12320,-0.15495001,1.7989501,9.498,0.374,-0.084,-0.041,-0.442,1.868,9.616,-0.1475375,-0.0235125,-0.0834625,0.029111,0.093988,0.857121,0.505629,0
12360,-0.31995,1.866,9.46695,0.029,0.054,-0.238,-0.424,1.838,9.623,0.023924999,0.039325,-0.2453,0.029399,0.092085,0.855829,0.508144,0
12401,-1.1190001,2.25795,8.967,-0.597,0.398,-0.651,-0.478,1.876,9.613,0.0218625,-0.08855,-0.1804,0.028429,0.095056,0.853323,0.511854,0
12440,-0.61905,2.29005,8.838,-0.138,0.375,-0.821,-0.474,1.912,9.606,0.006875,-0.1067,-0.1346125,0.029819,0.096471,0.851686,0.514231,0
12480,-0.89895004,2.3710501,9.283051,-0.477,0.431,-0.326,-0.462,1.938,9.602,-0.0165,-0.0853875,-0.203775,0.03144,0.097153,0.849711,0.517264,0
12521,-0.88500005,2.4520502,9.276,-0.412,0.469,-0.317,-0.473,1.982,9.592,0.0367125,-0.1535875,-0.1568875,0.032591,0.099361,0.847579,0.520263,0
12560,-0.82005006,2.4120002,9.678,-0.369,0.399,0.082,-0.447,2.011,9.587,-0.0133375,-0.1621125,-0.219725,0.034771,0.099761,0.845562,0.523318,0
12600,-1.0669501,2.232,10.248,-0.638,0.213,0.68,-0.437,2.006,9.589,-0.060225,-0.1375,-0.24007499,0.035582,0.099004,0.84294,0.52762,0
12641,-0.81495005,2.2420502,10.633051,-0.359,0.241,1.031,-0.444,1.992,9.591,0.0452375,-0.0820875,-0.135575,0.035316,0.098526,0.840946,0.530899,0
12680,-0.35295,2.0740502,10.21905,0.078,0.056,0.626,-0.418,2.013,9.588,0.0048125,-0.1769625,-0.2123,0.037372,0.098393,0.83922,0.533508,0
12720,-0.19995001,1.5520501,10.576051,0.204,-0.414,0.964,-0.327,1.953,9.604,-0.1293875,-0.415525,-0.20487499,0.040026,0.093279,0.836881,0.53789,0
12761,0.9480001,0.9990001,11.34195,1.091,-0.826,1.697,-0.147,1.814,9.636,-0.330825,-0.2600125,-0.2827,0.044275,0.082022,0.834989,0.542314,0
12800,0.35700002,0.44805002,12.307051,0.406,-1.232,2.606,-0.08,1.653,9.665,-0.0537625,-0.02255,-0.3433375,0.043118,0.07296,0.832413,0.547636,0
12840,-0.186,0.9990001,9.022051,-0.067,-0.707,-0.64,-0.11,1.712,9.655,0.5682875,0.0286,-0.202675,0.043841,0.076132,0.829312,0.551835,0
12880,0.34005,1.3270501,7.2049503,0.482,-0.54,-2.406,-0.114,1.874,9.625,0.276375,-0.064075,-0.202675,0.048612,0.083038,0.826753,0.554274,0
12920,0.30405003,0.77595,9.108001,0.381,-1.095,-0.396,-0.109,1.844,9.63,-0.20295,0.039325,-0.341275,0.048392,0.08133,0.823985,0.558651,0
12961,-0.32205,0.633,10.01805,-0.187,-1.07,0.287,-0.153,1.71,9.655,-0.060225,0.04455,-0.2613875,0.043086,0.076601,0.821134,0.563927,0
13000,-0.55200005,1.23105,8.995951,-0.376,-0.408,-0.673,-0.182,1.661,9.663,-0.0059125,-0.02255,-0.118525,0.040733,0.075228,0.819254,0.567013,0
13040,0.11505,1.6309501,9.27795,0.361,0.002,-0.365,-0.184,1.631,9.668,-0.10175,-0.0064625,0.031625,0.039787,0.074017,0.819225,0.567281,0
13080,0.55095005,1.8079501,9.514951,0.684,0.182,-0.164,-0.126,1.615,9.671,-0.0537625,-0.0512875,-0.02805,0.041697,0.07164,0.819662,0.566817,0
13120,0.47205,1.8250501,9.69705,0.564,0.213,0.051,-0.088,1.611,9.672,-0.026124999,0.08085,-0.051425,0.043221,0.070334,0.819346,0.567323,0
13160,0.24195,1.81305,9.087001,0.32,0.18,-0.584,-0.089,1.631,9.669,0.0154,0.0265375,-0.0567875,0.043821,0.071191,0.818939,0.567757,0
13201,0.177,1.8010501,9.56295,0.275,0.158,-0.106,-0.098,1.639,9.668,-0.0367125,0.1436875,6.88E-04,0.043647,0.071805,0.818774,0.567932,0
13240,-0.079950005,1.95,9.58695,0.046,0.3,-0.089,-0.128,1.66,9.664,0.0270875,0.04675,0.0592625,0.042937,0.073619,0.819308,0.566984,0
13280,-0.31695002,2.1100502,9.75,-0.08,0.426,0.053,-0.15,1.698,9.657,0.0697125,0.0680625,0.1808125,0.042934,0.076048,0.820541,0.564875,0
13320,0.33495003,2.091,10.434001,0.463,0.349,0.782,-0.136,1.734,9.651,-0.0196625,0.071225,0.166925,0.044222,0.077289,0.822876,0.561199,0
13360,-0.71505004,1.7629501,11.112,-0.567,0.015,1.45,-0.14,1.741,9.649,0.10065,0.072325,0.24035,0.044038,0.077999,0.824969,0.558033,0
13401,-0.44205,2.02095,10.104,-0.23,0.189,0.459,-0.205,1.826,9.632,0.3009875,0.1106875,0.537625,0.043051,0.083689,0.828934,0.55137,0
13440,0.19605,1.3219501,9.76395,0.267,-0.642,0.213,-0.13,1.895,9.62,0.1230625,-0.12375,0.4236375,0.047329,0.085056,0.834254,0.54272,0
13480,-0.147,0.42900002,10.85805,-0.053,-1.401,1.22,-0.082,1.823,9.635,-0.0495,0.01485,0.3117125,0.046819,0.080849,0.838419,0.536958,0
13520,-0.882,0.41700003,10.056001,-0.77,-1.336,0.402,-0.1,1.748,9.649,0.1401125,0.0402875,0.1637625,0.04356,0.078349,0.841139,0.533336,0
13560,-0.80805004,0.77205,9.199051,-0.69,-0.971,-0.457,-0.113,1.734,9.651,0.109175,-0.2184875,0.1722875,0.04118,0.077604,0.842741,0.531101,0
13601,-0.45600003,0.54195005,9.20895,-0.288,-1.131,-0.352,-0.133,1.635,9.668,-0.21779999,0.14575,0.1189375,0.038631,0.074541,0.844555,0.528844,0
13640,-0.162,0.37395,11.371051,-0.004,-1.078,1.704,-0.186,1.459,9.695,-0.195525,0.1681625,0.07205,0.031384,0.068375,0.846397,0.52721,0
13680,-0.31500003,0.86295,9.199051,-0.102,-0.581,-0.504,-0.21,1.445,9.697,0.2998875,-0.014025,0.063525,0.029816,0.068457,0.847266,0.525894,0
13720,-0.37005,1.2910501,8.265,-0.109,-0.203,-1.325,-0.231,1.497,9.688,-0.044275,0.1010625,0.014575,0.030281,0.071335,0.847549,0.525027,0
13760,-0.28605002,1.14795,10.114051,-0.016,-0.274,0.433,-0.269,1.418,9.699,-0.18053749,0.0328625,-0.06215,0.026502,0.068893,0.847627,0.525432,0
13800,0.12495001,0.89400005,9.99405,0.29,-0.42,0.108,-0.195,1.346,9.711,-0.034649998,-0.3037375,-0.135575,0.027887,0.063702,0.847052,0.52694,0
13840,0.00195,1.2240001,9.99195,0.176,-0.056,0.28,-0.176,1.309,9.717,-0.075075,0.0094875,-0.102575,0.027834,0.06152,0.845726,0.529327,0
13881,0.049950004,1.3969501,9.199051,0.166,0.112,-0.631,-0.139,1.317,9.716,0.1293875,-0.0906125,-0.2517625,0.029874,0.060771,0.844095,0.531899,0
13920,0.012,1.4760001,9.252001,0.131,0.076,-0.341,-0.131,1.353,9.711,-0.093225,0.0169125,-0.340175,0.031554,0.061946,0.841043,0.536482,0
13960,-0.36795002,1.368,9.40305,-0.166,0.056,-0.44,-0.16,1.319,9.716,-0.0485375,-0.0086625,-0.389125,0.02974,0.061017,0.836923,0.543094,0
14000,0.14400001,1.2100501,9.628051,0.281,-0.106,-0.064,-0.186,1.277,9.721,-0.195525,0.0968,-0.456225,0.027744,0.059672,0.832912,0.549478,0
14040,-1.55805,1.45395,9.955951,-1.262,0.248,0.213,-0.29,1.195,9.729,-0.1923625,0.095699996,-0.457325,0.021807,0.058945,0.827866,0.557392,0
14081,-0.21000001,1.03995,10.7029505,0.161,-0.115,0.959,-0.365,1.15,9.732,0.039875,-0.0427625,-0.172975,0.017637,0.059099,0.825056,0.561674,0
14120,-0.73905003,1.7389501,9.010051,-0.34,0.457,-0.745,-0.381,1.233,9.721,0.1401125,-0.010725,-0.12925,0.019556,0.063017,0.822931,0.564296,0
14160,-0.423,1.2940501,9.205951,0.028,0.051,-0.456,-0.423,1.242,9.718,-0.1199,0.1032625,-0.018424999,0.017982,0.064536,0.822291,0.565108,0
14200,0.402,1.128,9.91695,0.698,-0.041,0.174,-0.384,1.185,9.727,-0.0963875,-0.0149875,-0.1398375,0.018099,0.060972,0.822097,0.565782,0
14240,-1.1340001,1.452,10.120951,-0.715,0.272,0.392,-0.415,1.171,9.727,-0.007975,0.01485,-0.002475,0.01674,0.061241,0.819455,0.569615,0
14281,0.120000005,1.42305,8.99295,0.483,0.206,-0.735,-0.374,1.209,9.724,0.0176,-0.104499996,0.115775,0.019445,0.061714,0.820527,0.567932,0
14320,-0.51105005,1.353,10.236,-0.091,0.122,0.664,-0.371,1.187,9.727,-0.1379125,0.021175,0.081675,0.018742,0.060609,0.821521,0.566636,0
14360,-0.14505,1.2889501,9.99195,0.197,0.103,0.253,-0.331,1.178,9.729,0.0622875,-0.095975,0.1029875,0.020107,0.059221,0.822784,0.564901,0
14400,-0.54495,1.50705,9.68505,-0.239,0.291,-0.043,-0.303,1.206,9.727,0.009075,-0.0757625,0.166925,0.021967,0.059667,0.824061,0.562921,0
14441,-0.07095,1.60695,9.802051,0.181,0.381,0.066,-0.241,1.234,9.725,-0.0133375,-0.1417625,0.1860375,0.025156,0.059165,0.826194,0.559704,0
14480,0.44805002,1.4059501,10.353001,0.663,0.158,0.652,-0.159,1.244,9.726,-0.0111375,-0.1183875,0.2127125,0.028702,0.057329,0.828278,0.556636,0
14520,-0.34395,1.7170501,9.975,-0.257,0.444,0.234,-0.11,1.284,9.721,0.127325,-0.031075,0.098725,0.031792,0.057718,0.829754,0.554224,0
14560,-0.03705,1.6650001,9.53205,0.106,0.293,-0.177,-0.106,1.354,9.712,0.10285,0.036025,0.1956625,0.033718,0.0607,0.831342,0.551404,0
14600,0.057000004,1.6860001,9.41895,0.096,0.253,-0.306,-0.082,1.408,9.704,0.0622875,-0.0609125,0.0796125,0.036084,0.062456,0.832845,0.548785,0
14641,-0.54,1.45395,9.65205,-0.413,0.004,-0.045,-0.104,1.426,9.701,-0.023924999,0.070125,0.1051875,0.03557,0.063862,0.833573,0.54755,0
14680,-0.39405003,1.3800001,9.5460005,-0.242,-0.047,-0.167,-0.138,1.423,9.701,0.0048125,0.0317625,0.1519375,0.033831,0.064809,0.835154,0.545134,0
14720,-0.33900002,1.485,9.340051,-0.187,0.051,-0.372,-0.152,1.419,9.702,-0.0633875,0.047849998,0.1637625,0.032912,0.065129,0.836937,0.542412,0
14760,-0.49500003,1.5280501,10.01805,-0.305,0.146,0.319,-0.185,1.392,9.705,-0.06875,0.089375,0.18933749,0.030462,0.065002,0.839056,0.539287,0
14801,-0.25995,1.65795,9.481951,-0.027,0.207,-0.263,-0.204,1.413,9.702,0.0122375,-0.0598125,0.198825,0.030016,0.066539,0.841093,0.535941,0
14840,-0.31005,1.54305,10.11795,-0.144,0.126,0.497,-0.195,1.399,9.704,-0.127325,0.1309,0.1434125,0.029597,0.065758,0.843079,0.532932,0
14880,-0.59295005,1.38495,10.377001,-0.324,0.007,0.591,-0.247,1.381,9.705,0.06765,0.036025,0.2030875,0.026824,0.066621,0.845006,0.529911,0
14920,-0.24105,1.59105,9.12705,-0.023,0.191,-0.587,-0.235,1.429,9.699,0.0858,-0.0044,0.22013749,0.02842,0.06849,0.847186,0.526094,0
14960,-0.13995,1.8679501,9.799951,0.113,0.419,0.096,-0.249,1.446,9.696,-0.0826375,0.045649998,0.235125,0.027886,0.06969,0.849387,0.522404,0
15000,0.59895,1.95,9.75,0.788,0.477,0.044,-0.202,1.47,9.693,-0.010175,0.01265,0.1711875,0.030211,0.06961,0.851795,0.518348,0
15040,0.55305004,1.8400501,9.723001,0.713,0.321,0.06,-0.168,1.49,9.691,-0.0187,0.104225,0.00605,0.032092,0.069656,0.852807,0.516563,0
15080,-0.27195,1.81095,9.61305,-0.046,0.294,-0.072,-0.212,1.503,9.688,-0.0111375,0.1117875,-0.053625,0.030482,0.071408,0.852518,0.516898,0
15120,-0.15705001,1.5160501,9.970051,0.08,0.006,0.282,-0.23,1.505,9.687,-0.040975,0.047849998,-0.0493625,0.029812,0.071948,0.852139,0.517487,0
15161,-0.68595004,1.5190501,9.86205,-0.402,0.011,0.173,-0.28,1.5,9.687,0.0356125,0.0328625,-0.044,0.027634,0.073009,0.851784,0.518044,0
15200,-0.65505004,1.4470501,9.762,-0.286,-0.093,0.107,-0.299,1.509,9.685,0.025024999,0.0094875,0.030524999,0.02707,0.073909,0.851628,0.518202,0
15240,-0.43695003,1.5000001,9.43395,-0.131,-0.031,-0.271,-0.317,1.516,9.683,0.0100375,0.0339625,0.0103125,0.026348,0.074753,0.852,0.517506,0
15280,-0.46095002,1.4680501,10.03905,-0.102,-0.06,0.381,-0.346,1.504,9.684,-0.0463375,0.055275,0.0347875,0.024749,0.074999,0.852278,0.517091,0
15320,-0.32895002,1.58595,9.618,0.041,0.063,-0.134,-0.354,1.516,9.682,0.0858,-0.02145,0.0188375,0.024651,0.075744,0.852653,0.516368,0
15361,-0.25995,1.58595,9.5130005,0.044,0.046,-0.132,-0.344,1.533,9.679,-0.0537625,0.0765875,-0.0045375,0.025527,0.076218,0.852764,0.516073,0
15400,-0.56895,1.6339501,9.670951,-0.175,0.097,-0.009,-0.382,1.523,9.68,-5.50E-04,-0.0523875,0.0231,0.023596,0.076798,0.85294,0.515787,0
15440,-0.48495004,1.45605,9.85995,-0.076,-0.079,0.259,-0.359,1.509,9.683,-0.1326875,-0.0363,0.0572,0.024179,0.075612,0.853344,0.515267,0
15480,-0.423,1.416,10.777051,-0.086,-0.058,1.003,-0.349,1.475,9.688,0.0719125,-0.098175,0.0529375,0.023594,0.073846,0.854202,0.514128,0
15520,-0.363,1.5589501,9.38805,-0.022,0.012,-0.27,-0.304,1.526,9.682,0.0889625,-0.0726,0.1211375,0.026814,0.074976,0.854771,0.51286,0
15561,-0.12105001,1.4610001,10.57995,0.189,-0.069,0.886,-0.298,1.527,9.682,0.0622875,0.0754875,0.1051875,0.02689,0.075002,0.856225,0.510421,0
15600,-0.39600003,1.69605,9.26595,-0.093,0.09,-0.45,-0.288,1.598,9.671,0.2209625,-0.1056,0.0710875,0.029111,0.077854,0.856724,0.509032,0
15640,0.18405001,1.64295,9.154051,0.404,-0.002,-0.522,-0.241,1.663,9.661,0.073975,-0.010725,0.0209,0.032779,0.079553,0.857122,0.507875,0
15680,-0.34905002,1.7530501,8.887951,-0.084,0.079,-0.751,-0.242,1.677,9.659,-0.0889625,0.0510125,0.0081125,0.033233,0.080061,0.855652,0.510239,0
15720,0.47400004,1.57395,10.04205,0.717,-0.049,0.368,-0.24,1.615,9.669,-0.1486375,0.093637496,-0.002475,0.031663,0.077332,0.856388,0.509524,0
15761,-0.43995002,1.9260001,8.928,-0.206,0.31,-0.749,-0.229,1.609,9.67,-0.0495,-0.0757625,-0.1164625,0.032156,0.076662,0.855632,0.510863,0
15800,-0.27405003,1.6890001,10.080001,-0.001,0.098,0.403,-0.244,1.577,9.675,-0.142175,0.072325,-0.0471625,0.030591,0.075561,0.855161,0.511911,0
15840,0.02205,1.87995,9.35505,0.329,0.305,-0.348,-0.247,1.56,9.678,-0.043175,-0.098175,-0.0738375,0.030187,0.074978,0.854929,0.512408,0
15880,-0.36105,1.6309501,10.405951,-0.133,0.088,0.722,-0.22,1.532,9.683,-0.1464375,0.0925375,-0.1995125,0.030637,0.072879,0.853542,0.514989,0
15921,-0.80595005,1.6890001,9.59895,-0.531,0.185,-0.098,-0.271,1.503,9.686,-0.0559625,0.037125,-0.136675,0.028034,0.072958,0.85214,0.517443,0
15960,-0.279,1.23405,9.72795,0.071,-0.25,-0.007,-0.316,1.462,9.691,-0.115637496,0.0669625,-0.069575,0.025111,0.072301,0.851413,0.51888,0
16001,-0.32700002,1.30095,9.40995,0.03,-0.112,-0.3,-0.36,1.403,9.698,-0.1582625,0.140525,-0.1505625,0.021748,0.070824,0.850688,0.520422,0
16040,-1.1029501,1.24605,10.05105,-0.65,-0.094,0.346,-0.439,1.334,9.705,-0.1401125,0.056375,-0.0493625,0.016366,0.06981,0.849691,0.522381,0
16080,0.13605,1.263,10.078051,0.694,-0.04,0.408,-0.421,1.294,9.711,-0.078375,-0.065175,0.0881375,0.0162,0.067649,0.850376,0.521555,0
16120,-0.23400001,1.605,10.2640505,0.06,0.341,0.5,-0.387,1.278,9.715,0.032449998,0.0968,-0.1579875,0.017321,0.066056,0.85031,0.521832,0
16160,-0.58605003,1.473,9.30195,-0.08,0.106,-0.365,-0.423,1.31,9.709,-0.0537625,0.0180125,-0.02915,0.016712,0.068367,0.849209,0.523345,0
16200,-0.40395,1.30095,10.04205,0.104,-0.018,0.34,-0.445,1.285,9.711,-0.0367125,0.037125,-0.0334125,0.015103,0.067876,0.849226,0.52343,0
16241,-0.35595003,1.353,10.08495,0.087,0.02,0.394,-0.441,1.287,9.711,0.0389125,0.0680625,-0.1335125,0.015393,0.067824,0.848469,0.524654,0
16280,-1.06005,1.488,9.5460005,-0.558,0.194,-0.226,-0.476,1.317,9.706,0.0878625,-0.0694375,-0.0834625,0.014852,0.070073,0.847118,0.526554,0
16320,-0.27,1.31505,9.508051,0.163,-0.027,-0.17,-0.449,1.334,9.704,-0.025024999,-0.0405625,-0.020624999,0.01652,0.070074,0.846855,0.526926,0
16360,-0.75795,1.2360001,9.74505,-0.301,-0.088,0.018,-0.434,1.327,9.706,0.0207625,-0.0939125,-0.0078375,0.017039,0.069355,0.846613,0.527394,0
16400,-0.37500003,1.24605,9.5460005,0.037,-0.081,-0.174,-0.419,1.32,9.708,-0.058025,0.003025,0.0081125,0.017442,0.068578,0.846881,0.527053,0
16441,-0.50205004,1.2390001,9.678,-0.052,-0.054,-0.042,-0.437,1.28,9.712,-0.145475,0.003025,0.029424999,0.015555,0.067382,0.847134,0.526859,0
16480,-0.10695001,1.179,10.417951,0.298,-0.044,0.672,-0.434,1.229,9.719,-0.010175,0.090475,-0.02915,0.014256,0.065076,0.847614,0.526414,0
16520,-0.68595004,1.4419501,9.18,-0.201,0.16,-0.576,-0.438,1.255,9.716,0.0270875,-0.0842875,-0.0121,0.014872,0.06632,0.847239,0.526844,0
16560,-0.48000002,1.248,10.035001,-0.032,0.002,0.306,-0.443,1.237,9.718,-0.1166,0.0584375,0.0092125,0.01399,0.065597,0.847488,0.526559,0
16600,-0.32205,1.28205,9.40695,0.147,0.033,-0.322,-0.434,1.22,9.72,-0.0187,-0.0768625,0.0092125,0.014065,0.064625,0.847696,0.526342,0
16640,-0.48705003,1.19805,9.747001,-0.102,0.003,0,-0.428,1.194,9.724,-0.077275,0.0573375,-0.05995,0.013614,0.063409,0.847646,0.526583,0
16680,-0.669,1.10895,9.502951,-0.166,-0.05,-0.259,-0.46,1.167,9.726,-0.0804375,0.0020625,0.0242,0.011534,0.063048,0.847354,0.527145,0
16720,-0.78705,1.1359501,10.03695,-0.284,0.012,0.294,-0.491,1.117,9.73,-0.1379125,0.04455,0.029424999,0.008342,0.06189,0.847943,0.526395,0
16760,-0.135,0.97305006,9.89295,0.373,-0.105,0.153,-0.496,1.072,9.735,-0.1049125,0.037125,0.048675,0.007194,0.059854,0.848765,0.525322,0
16800,-0.90405005,1.0830001,10.111051,-0.368,0.031,0.369,-0.53,1.044,9.736,-0.0474375,0.01155,0.0188375,0.005008,0.059575,0.849045,0.524925,0
16841,-0.40605003,0.93705004,10.288051,0.118,-0.101,0.518,-0.513,1.041,9.737,0.076175,-0.0149875,0.0688875,0.005574,0.059059,0.849775,0.523796,0
16880,-0.80295,1.00905,9.73095,-0.29,-0.098,-0.009,-0.5,1.077,9.734,0.1071125,-0.0683375,0.0881375,0.007144,0.060334,0.850381,0.522646,0
16920,-0.19800001,0.97800004,9.486,0.27,-0.143,-0.252,-0.457,1.112,9.732,0.113437496,-0.098175,0.1263625,0.00968,0.060688,0.851579,0.52061,0
16960,-0.33195,1.2360001,9.30405,0.068,0.095,-0.319,-0.409,1.144,9.731,-0.00165,-0.077825,0.03795,0.012551,0.06079,0.852335,0.519299,0
17000,-0.23400001,1.23105,10.03695,0.141,0.057,0.264,-0.372,1.14,9.732,0.032449998,-0.0501875,0.0529375,0.013998,0.059692,0.852959,0.518363,0
17041,-0.15705001,1.21695,9.36705,0.181,0.031,-0.388,-0.318,1.167,9.731,0.00165,-0.132275,0.0358875,0.017026,0.059401,0.853404,0.517573,0
17080,-0.078,1.1190001,10.129951,0.226,-0.029,0.384,-0.288,1.142,9.735,-0.0644875,0.01265,-0.015262499,0.017646,0.057564,0.853708,0.517259,0
17120,-0.45105,1.1380501,9.702001,-0.147,-0.008,-0.079,-0.288,1.138,9.736,0.0378125,-0.0501875,0.00495,0.017562,0.05738,0.853572,0.517506,0
17160,-0.13305001,1.19805,9.56505,0.144,0.042,-0.12,-0.266,1.142,9.736,-0.0495,-0.0235125,-0.015262499,0.018592,0.056969,0.853748,0.517226,0
17200,-0.30105,1.19295,10.18305,-0.033,0.069,0.382,-0.266,1.129,9.737,0.0185625,-0.02035,-0.0121,0.018483,0.056336,0.851956,0.520244,0
17241,-0.07305,1.2030001,9.58005,0.164,0.047,-0.16,-0.232,1.151,9.736,0.0037125,-0.010725,-0.0323125,0.020517,0.056381,0.851862,0.520317,0
17280,-0.51405,1.128,9.88605,-0.252,-0.007,0.11,-0.265,1.138,9.736,-0.0400125,0.039325,-0.0675125,0.018972,0.056599,0.849759,0.52378,0
17320,-0.17595,0.99405,10.02495,0.064,-0.106,0.285,-0.269,1.114,9.739,-0.0281875,0.093637496,-0.077,0.01823,0.055664,0.849231,0.524761,0
17360,-0.58605003,1.19805,9.58395,-0.268,0.09,-0.216,-0.303,1.121,9.737,0.0526625,-0.0342375,-0.061049998,0.017033,0.056892,0.848529,0.525805,0
17400,0.036000002,1.04505,9.228001,0.327,-0.096,-0.515,-0.3,1.131,9.736,-0.0793375,0.0638,-0.0493625,0.017338,0.057178,0.848192,0.526307,0
17441,-0.75795,1.09695,9.946051,-0.397,0.008,0.202,-0.351,1.08,9.74,-0.143275,0.0510125,-0.085525,0.013944,0.05635,0.847532,0.52756,0
17480,-0.19800001,0.95400006,10.309951,0.218,-0.077,0.565,-0.368,1.03,9.745,-0.0517,0.0840125,-0.0099,0.011874,0.054619,0.84746,0.527907,0
17520,-0.36495003,1.12605,9.943951,0.016,0.091,0.157,-0.37,1.038,9.744,0.06875,-0.0501875,-0.044,0.01207,0.055057,0.847116,0.528409,0
17560,-0.36795002,1.09695,10.39395,-0.004,0.037,0.649,-0.363,1.052,9.743,0.0474375,0.039325,-0.035475,0.012711,0.05546,0.846775,0.528899,0
17600,-0.31500003,1.128,9.213,0.056,0.016,-0.53,-0.368,1.105,9.737,0.1529,-0.0171875,-0.0226875,0.013972,0.057844,0.846429,0.529165,0
17640,-0.62100005,1.1040001,9.40995,-0.24,-0.022,-0.336,-0.372,1.126,9.734,-0.0229625,-0.048125,-0.0471625,0.014438,0.058799,0.846022,0.529698,0
17681,-0.14295001,0.96300006,9.958051,0.213,-0.116,0.273,-0.376,1.096,9.737,-0.034649998,0.14575,-0.02915,0.013421,0.057691,0.845944,0.529971,0
17720,-0.84405005,1.1689501,9.856951,-0.408,0.081,0.057,-0.408,1.103,9.735,0.0708125,-0.08745,-0.0215875,0.012298,0.058831,0.845527,0.530538,0
17760,-0.079950005,1.07295,9.51,0.302,-0.049,-0.227,-0.384,1.125,9.734,-0.0218625,0.004125,0.00605,0.013916,0.059145,0.845686,0.53021,0
17800,-0.74100006,1.12395,10.34805,-0.339,0.003,0.601,-0.41,1.099,9.736,-0.0281875,0.01375,-0.0067375,0.012284,0.058664,0.843931,0.533091,0
17840,-0.23595001,1.07295,9.369,0.188,-0.065,-0.378,-0.392,1.114,9.735,0.03135,-0.0171875,0.0273625,0.013605,0.058808,0.842536,0.535246,0
17881,-0.61695004,1.07805,9.850051,-0.144,-0.053,0.152,-0.413,1.101,9.735,-0.06875,0.0627,0.0209,0.012323,0.058848,0.842729,0.534969,0
17920,-0.44700003,1.14495,9.628051,-0.017,0.044,-0.188,-0.431,1.085,9.736,0.0143,0.0020625,-0.020624999,0.01107,0.058651,0.842977,0.534627,0
17960,-0.76500005,1.0330501,9.9199505,-0.284,-0.071,0.231,-0.437,1.065,9.738,-0.10175,-0.0182875,0.030524999,0.010447,0.057904,0.841425,0.53716,0
18000,-0.21405001,1.0350001,9.99195,0.178,-0.01,0.214,-0.423,1.045,9.741,0.023924999,0.0083875,0.0433125,0.010409,0.056666,0.842228,0.536034,0
18040,-0.46605003,1.0690501,9.658951,-0.04,-0.012,-0.083,-0.409,1.061,9.74,0.00165,-0.073699996,0.030524999,0.011429,0.056949,0.84254,0.535491,0
18080,-0.40605003,1.09305,9.735001,-0.014,0.037,0.01,-0.407,1.052,9.741,-0.0474375,0.0616,0.00715,0.011233,0.056533,0.842925,0.534933,0
18120,-0.46305,0.97005004,10.012951,-0.035,-0.085,0.24,-0.413,1.038,9.742,-0.0122375,-0.0235125,0.0273625,0.010564,0.056105,0.843174,0.534599,0
18160,-0.32700002,0.97305006,9.61995,0.051,-0.093,-0.127,-0.405,1.032,9.743,-0.00165,-0.0097625,0.0433125,0.010722,0.05563,0.84372,0.533784,0
18200,-0.432,0.92295,9.967951,-0.017,-0.11,0.211,-0.404,1.022,9.744,0.0037125,-0.0012375,0.065725,0.010425,0.055207,0.844356,0.532828,0
18241,-0.11400001,1.0210501,9.711,0.272,-0.024,-0.033,-0.381,1.032,9.744,0.0185625,-0.0683375,0.03795,0.011677,0.054988,0.845082,0.531671,0
18280,-0.27195,1.0849501,10.008,0.059,0.073,0.265,-0.358,1.029,9.745,-0.009075,0.047849998,-0.0056375,0.012622,0.054217,0.843814,0.533739,0
18320,-0.186,1.2529501,9.288,0.172,0.175,-0.441,-0.349,1.049,9.744,-0.010175,-0.048125,-0.0471625,0.013809,0.054789,0.842331,0.535989,0
18360,-0.55395,1.09695,10.015051,-0.188,0.058,0.265,-0.356,1.031,9.745,-0.06875,0.022275,-0.0419375,0.012933,0.05415,0.841835,0.536854,0
18400,-0.41595003,1.0020001,10.044001,-0.05,-0.026,0.264,-0.358,1.021,9.746,0.0100375,-0.0427625,-0.011,0.012776,0.053752,0.84029,0.539313,0
18440,-0.45105,0.9990001,9.913051,-0.088,-0.019,0.155,-0.347,1.027,9.746,0.023924999,-0.047025,-0.002475,0.013401,0.053741,0.840219,0.539409,0
18481,-0.41805002,0.90300006,10.465951,-0.029,-0.11,0.7,-0.35,1.026,9.746,0.0526625,0.0275,0.0336875,0.013247,0.053626,0.83893,0.541428,0
18520,0.20805001,1.0710001,9.08205,0.496,0.013,-0.752,-0.319,1.076,9.742,0.176275,-0.028875,-0.0408375,0.016055,0.055029,0.839171,0.540837,0
18560,-0.51405,1.18095,9.148951,-0.169,0.036,-0.517,-0.334,1.107,9.738,-0.0741125,0.073425,-0.0812625,0.016385,0.056771,0.838249,0.542075,0
18600,-0.15195,0.93000007,10.243051,0.218,-0.13,0.473,-0.354,1.07,9.741,-0.0389125,0.038225,-0.070675,0.014526,0.055709,0.837742,0.543021,0
18640,-0.44400004,1.19805,9.37395,-0.073,0.123,-0.397,-0.362,1.075,9.74,0.032449998,-0.0012375,-0.05995,0.014393,0.05613,0.837039,0.544064,0
18681,-0.32895002,1.1910001,9.628051,0.053,0.084,-0.084,-0.366,1.074,9.74,-0.109175,0.020075,-0.044,0.014207,0.056126,0.836635,0.544691,0
18720,-0.35805002,1.164,9.68295,0.022,0.112,-0.073,-0.376,1.045,9.743,-0.059125,0.0072875,-0.0451,0.013026,0.05522,0.836331,0.545279,0
18760,-0.56205004,1.1520001,9.703951,-0.182,0.116,0.006,-0.375,1.027,9.745,-0.1208625,-0.0374,-0.06215,0.012638,0.054414,0.835809,0.54617,0
18800,-0.657,1.0639501,10.1970005,-0.254,0.065,0.452,-0.385,0.983,9.749,-0.0974875,0.005225,-0.02585,0.011003,0.052807,0.835533,0.546785,0
18840,-0.47295,1.0020001,10.26,-0.051,0.031,0.491,-0.398,0.962,9.751,-0.0165,0.0072875,-0.0088,0.009904,0.052252,0.835549,0.546835,0
18881,-0.19305001,1.059,9.58695,0.198,0.078,-0.175,-0.388,0.97,9.75,-0.03355,-0.0171875,-0.0504625,0.010815,0.052236,0.832322,0.551719,0
18920,-0.67695004,0.95400006,10.20495,-0.258,-0.007,0.463,-0.408,0.947,9.752,-0.0378125,0.0499125,-0.0301125,0.009378,0.051837,0.831851,0.552492,0
18960,-0.15705001,0.855,9.297001,0.258,-0.107,-0.503,-0.408,0.952,9.751,0.026124999,0.004125,0.014575,0.009643,0.052037,0.830828,0.554006,0
19000,-0.21405001,0.86295,9.832951,0.186,-0.079,0.106,-0.404,0.923,9.754,-0.13365,0.04675,-0.0653125,0.009014,0.050385,0.830716,0.554337,0
19040,-0.59505004,0.81195,9.625051,-0.171,-0.082,-0.141,-0.413,0.885,9.757,-0.032449998,-0.031075,-0.051425,0.007584,0.049311,0.830127,0.555337,0
19081,-0.15195,0.75000006,9.63,0.239,-0.128,-0.05,-0.402,0.853,9.761,-0.1560625,0.01485,-0.071775,0.007085,0.047519,0.829837,0.555932,0
19120,-0.43500003,0.81000006,10.233001,-0.022,0.012,0.422,-0.413,0.791,9.765,-0.06655,0.021175,-0.1057375,0.004962,0.045258,0.828915,0.557518,0
19160,-0.77895004,0.75000006,9.73095,-0.344,-0.033,-0.04,-0.431,0.782,9.765,-0.0314875,-0.061875,-0.0386375,0.00408,0.045445,0.828057,0.558783,0
19200,-0.43995002,0.70500004,9.999001,-0.027,-0.057,0.228,-0.421,0.752,9.768,-0.0847,0.0265375,-0.069575,0.003658,0.043867,0.827744,0.559375,0
19240,-0.69105005,0.78105,10.102051,-0.222,0.044,0.324,-0.458,0.731,9.768,-0.0059125,-0.0246125,0.0039875,0.001583,0.044027,0.82735,0.559956,0
19281,-0.22905001,0.657,9.77805,0.18,-0.091,-0.004,-0.426,0.731,9.77,-0.0059125,-0.012925,-0.0099,0.00302,0.043105,0.826151,0.561788,0
19320,-0.669,0.70500004,10.02495,-0.204,-0.012,0.213,-0.435,0.72,9.77,0.0111375,-1.38E-04,-0.0163625,0.002433,0.042901,0.824701,0.563934,0
19360,-0.30495003,0.82005006,9.38805,0.124,0.057,-0.371,-0.424,0.732,9.77,-0.044275,-0.0331375,-0.053625,0.003338,0.043079,0.823405,0.565806,0
19400,-0.717,0.63495004,9.984,-0.221,-0.058,0.239,-0.445,0.698,9.771,-0.0633875,-0.0064625,-0.0163625,0.00149,0.042253,0.822941,0.566551,0
19440,-0.32895002,0.62595004,9.793051,0.053,-0.054,0.019,-0.421,0.681,9.773,-0.0176,0.01265,-0.0397375,0.002,0.040826,0.823001,0.566566,0
19481,-0.564,0.64695,9.89595,-0.139,-0.044,0.114,-0.432,0.671,9.774,0.007975,-0.0235125,-0.011,0.001256,0.040742,0.822805,0.566859,0
19520,-0.20505,0.65895003,9.42405,0.217,-0.022,-0.335,-0.422,0.676,9.774,-0.0207625,-0.05555,-0.020624999,0.001924,0.040637,0.821516,0.568731,0
19560,-0.65295005,0.54705,9.984,-0.258,-0.092,0.207,-0.408,0.65,9.776,-0.0452375,0.004125,-0.034375,0.001768,0.039163,0.821126,0.569398,0
19600,-0.47805002,0.573,9.541051,-0.038,-0.07,-0.215,-0.411,0.642,9.776,-0.032449998,-0.0385,0.0251625,0.001512,0.0389,0.81998,0.571066,0
19640,-0.54,0.56100005,10.08495,-0.099,-0.041,0.286,-0.418,0.613,9.778,-0.0708125,0.0169125,0.031625,3.56E-04,0.037873,0.820396,0.570538,0
19681,-0.32895002,0.726,9.936001,0.102,0.124,0.176,-0.415,0.597,9.779,-0.0367125,-0.0268125,0.0242,-1.30E-05,0.037143,0.820838,0.569951,0
19720,-0.45600003,0.702,10.20705,-0.047,0.095,0.408,-0.415,0.599,9.779,0.006875,0.004125,0.0336875,2.80E-05,0.03721,0.821175,0.569461,0
19760,-0.04695,0.69705003,9.549001,0.354,0.057,-0.244,-0.395,0.623,9.778,0.042075,9.63E-04,0.0092125,0.001616,0.037661,0.820375,0.570581,0
19800,-0.66,0.58500004,9.901051,-0.277,-0.048,0.15,-0.403,0.62,9.778,-0.040975,0.055275,-0.0451,0.001125,0.03775,0.820094,0.57098,0
19840,-0.27,0.46005002,9.75,0.166,-0.158,-0.039,-0.425,0.608,9.778,0.00165,0.01375,0.0251625,-1.40E-05,0.037865,0.818999,0.572543,0
19880,-0.62100005,0.59505004,10.07295,-0.186,-0.013,0.286,-0.426,0.598,9.779,0.0196625,0.01485,0.0092125,-1.97E-04,0.037515,0.816838,0.575645,0
19921,-0.31695002,0.69495004,9.59895,0.137,0.044,-0.216,-0.424,0.621,9.777,0.0495,-0.0268125,0.0455125,6.60E-04,0.038436,0.816352,0.576273,0
19960,-0.27195,0.70005006,9.795,0.128,0.051,0.056,-0.415,0.629,9.777,-0.0314875,0.038225,-0.003575,0.001228,0.038444,0.815804,0.577047,0
20000,-0.35805002,0.67800003,9.57705,0.064,0.037,-0.202,-0.418,0.629,9.777,0.0133375,-0.029975,-0.02915,0.001212,0.038563,0.814734,0.578549,0
20040,-0.657,0.52005005,10.078051,-0.231,-0.097,0.287,-0.423,0.613,9.778,-0.06655,0.0606375,0.0039875,5.02E-04,0.038035,0.814551,0.578842,0
20081,-0.31500003,0.492,9.91695,0.128,-0.111,0.095,-0.428,0.601,9.778,0.0517,-0.029975,0.0231,-6.10E-05,0.037687,0.814943,0.578313,0
20120,-0.46305,0.68100005,9.675,-0.038,0.066,-0.107,-0.424,0.614,9.778,-0.0187,0.0020625,6.88E-04,5.27E-04,0.038129,0.814069,0.579513,0
20160,-0.39195,0.57105005,9.976951,0.032,-0.045,0.204,-0.427,0.603,9.778,-0.0229625,0.0105875,0.0114125,2.26E-04,0.037732,0.812285,0.582038,0
20200,-0.33405003,0.62295,10.102051,0.072,0.044,0.367,-0.426,0.595,9.779,0.00165,0.0328625,-0.0248875,1.33E-04,0.037384,0.810617,0.584381,0
20240,-0.49005002,0.61800003,9.640051,-0.051,-0.004,-0.175,-0.425,0.617,9.777,0.0697125,-0.061875,-0.011,8.24E-04,0.038246,0.810356,0.584686,0
20281,-0.51405,0.642,10.173,-0.119,0.016,0.464,-0.425,0.609,9.778,-0.092125,0.099,-0.02585,5.20E-04,0.037934,0.80944,0.585975,0
20320,-0.54495,0.68295,9.68505,-0.018,0.06,-0.242,-0.457,0.62,9.776,0.176275,-0.0609125,0.0358875,-3.59E-04,0.039369,0.809548,0.585731,0
20360,-0.44700003,0.65205,9.132,-0.054,-0.037,-0.513,-0.422,0.664,9.774,-0.0708125,0.021175,-0.0323125,0.002392,0.040101,0.80961,0.585591,0
20400,-0.37500003,0.59895,9.982051,0.101,-0.024,0.113,-0.455,0.637,9.775,0.0367125,-0.0171875,-0.0078375,2.27E-04,0.039994,0.809668,0.585523,0
20440,-0.68595004,0.57795,9.41895,-0.244,-0.082,-0.255,-0.436,0.64,9.775,-0.0985875,-0.0086625,-0.0301125,0.001136,0.039548,0.809344,0.586,0
20480,-0.49695003,0.52500004,10.650001,-0.038,-0.058,0.818,-0.452,0.589,9.778,-0.0165,-0.0160875,0.032725,-0.001046,0.037878,0.80966,0.585674,0
20521,-0.38205,0.669,9.690001,0.053,0.06,-0.094,-0.435,0.606,9.778,0.0122375,-0.027775,0.030524999,1.42E-04,0.038084,0.810058,0.58511,0
20560,-0.34095,0.65895003,10.297951,0.095,0.082,0.491,-0.436,0.598,9.778,0.0037125,0.0435875,0.013475,-1.94E-04,0.037782,0.810478,0.584549,0
20600,-0.41595003,0.74295,9.514951,0.04,0.103,-0.283,-0.435,0.632,9.776,0.0793375,9.63E-04,-0.002475,8.52E-04,0.039143,0.810575,0.584323,0
20640,-0.23595001,0.64995,9.46695,0.192,-0.014,-0.309,-0.424,0.654,9.775,-0.0111375,-0.028875,-0.0301125,0.001978,0.039748,0.810495,0.584391,0
20681,-0.64995,0.549,10.06095,-0.203,-0.093,0.275,-0.436,0.637,9.776,-0.00165,0.0308,-0.02695,9.85E-04,0.039442,0.810056,0.585023,0
20720,-0.41295,0.52305,9.726001,0.006,-0.127,-0.064,-0.428,0.645,9.776,0.0526625,-0.0490875,-0.0067375,0.001626,0.039513,0.810052,0.585022,0
20760,-0.52995,0.63495004,9.826051,-0.076,-0.018,0.03,-0.427,0.645,9.776,-0.0196625,0.01265,0.022,0.001655,0.039453,0.809197,0.586207,0
20800,-0.34095,0.64995,10.02705,0.086,0,0.248,-0.426,0.64,9.776,0.0111375,-0.0022,0.0081125,0.00172,0.039246,0.806859,0.589435,0
20840,-0.35595003,0.78405005,9.678,0.081,0.116,-0.118,-0.421,0.659,9.775,0.039875,-0.0149875,0.013475,0.002486,0.039889,0.806988,0.589213,0
20881,-0.40800002,0.71205,9.73305,0.006,0.034,-0.049,-0.415,0.674,9.774,0.0133375,0.005225,-0.002475,0.00324,0.04029,0.806085,0.590417,0
20920,-0.363,0.63000005,9.943951,0.058,-0.046,0.168,-0.412,0.673,9.774,-0.0292875,0.0105875,-0.014162499,0.003434,0.04011,0.804178,0.593022,0
20960,-0.51105005,0.633,9.831,-0.097,-0.044,0.045,-0.405,0.671,9.775,0.0452375,-0.0598125,-0.019524999,0.003678,0.039875,0.804062,0.593194,0
21000,-0.37695003,0.62295,9.924001,0.034,-0.053,0.14,-0.402,0.678,9.774,0.034649998,0.0243375,0.0262625,0.004047,0.040106,0.804201,0.592988,0
21040,-0.717,0.72105,9.61995,-0.325,0.01,-0.157,-0.397,0.697,9.773,0.03355,-0.0598125,-0.015262499,0.004874,0.040669,0.804273,0.592845,0
21081,-0.53805,0.62805,9.924001,-0.109,-0.085,0.142,-0.408,0.698,9.773,-0.0026125,-0.012925,0.0614625,0.004338,0.041045,0.804663,0.592294,0
21120,-0.31995,0.66405004,9.92895,0.101,-0.027,0.182,-0.401,0.694,9.773,0.0100375,-0.0022,0.055,0.004475,0.040696,0.805438,0.591263,0
21160,-0.43005002,0.76695,9.726001,-0.025,0.051,-0.075,-0.396,0.711,9.772,0.0548625,-0.010725,0.04015,0.005137,0.041236,0.806018,0.590429,0
21200,-0.16695,0.753,9.57495,0.227,-0.006,-0.183,-0.377,0.728,9.772,-0.0059125,-0.02035,0.030524999,0.006397,0.041363,0.806615,0.589592,0
21240,-0.45900002,0.74100006,10.023001,-0.081,0.017,0.278,-0.368,0.717,9.773,-0.043175,0.005225,-0.0088,0.006408,0.04062,0.806824,0.589358,0
21280,-0.39600003,0.666,10.092,-0.023,-0.074,0.278,-0.371,0.715,9.773,0.0559625,-0.014025,0.030524999,0.006207,0.040642,0.807082,0.589006,0
21320,-0.32205,0.71400005,9.53205,0.012,-0.015,-0.265,-0.353,0.737,9.772,0.032449998,-0.02035,0.0017875,0.007601,0.041032,0.807376,0.588558,0
21360,-0.55005,0.70005006,10.02495,-0.155,-0.025,0.252,-0.376,0.733,9.771,-0.0144375,0.0158125,0.0433125,0.006521,0.041553,0.807618,0.588203,0
21400,-0.26205,0.75000006,9.667951,0.072,0.03,-0.128,-0.358,0.745,9.771,0.0622875,-0.0396,0.030524999,0.007641,0.04157,0.808231,0.587346,0
21441,-0.23805001,0.75705004,9.56505,0.122,-0.003,-0.209,-0.354,0.752,9.771,-0.061325,0.01155,0.048675,0.007926,0.041707,0.808741,0.586629,0
21480,-0.20505,0.67395,9.958051,0.221,-0.072,0.196,-0.357,0.725,9.773,-0.0878625,0.0265375,0.065725,0.006937,0.040708,0.809407,0.585793,0
21520,-0.50205004,0.669,10.147051,-0.151,-0.04,0.358,-0.352,0.707,9.774,0.0185625,-0.012925,0.0092125,0.006595,0.039821,0.809886,0.585196,0
21560,-0.11895001,0.58305,10.011001,0.227,-0.14,0.236,-0.336,0.712,9.774,0.0463375,-0.028875,0.0081125,0.007418,0.039546,0.810292,0.584642,0
21600,-0.34605002,0.81000006,10.090051,0.022,0.114,0.142,-0.335,0.743,9.772,0.091025,-0.0363,-0.011,0.008313,0.040784,0.81007,0.584853,0
21640,-0.17400001,0.59895,9.469951,0.105,-0.114,-0.438,-0.336,0.795,9.768,0.23375,0.1661,-0.06215,0.009854,0.042978,0.809827,0.585009,0
21681,-0.45405003,0.97800004,9.501,-0.053,0.102,-0.267,-0.395,0.863,9.76,-0.058025,-0.0576125,-0.0471625,0.009486,0.047529,0.809107,0.585658,0
21720,-0.51105005,1.0570501,8.90505,-0.081,0.206,-0.867,-0.422,0.841,9.761,-0.1241625,0.28215,-0.086625,0.007518,0.0475,0.808295,0.586809,0
21760,-0.18105,0.58305,10.903951,0.274,-0.257,1.103,-0.451,0.775,9.765,-0.0378125,-0.1758625,-0.103675,0.004636,0.045572,0.807787,0.58769,0
21800,-0.47100002,0.786,9.193951,-0.086,-0.032,-0.572,-0.376,0.808,9.766,0.141075,-0.2088625,-0.1111,0.00908,0.044636,0.806434,0.589566,0
21840,-0.92295,0.66195005,9.58905,-0.473,-0.134,-0.149,-0.411,0.801,9.765,-0.094325,0.16499999,0.00605,0.007261,0.045435,0.805541,0.59075,0
21881,-0.62595004,0.702,9.85995,-0.15,-0.051,0.176,-0.489,0.745,9.765,-0.1816375,0.1266375,0.041249998,0.002307,0.045488,0.80623,0.589845,0
21920,-0.34095,0.58500004,10.417951,0.173,-0.124,0.608,-0.486,0.697,9.769,0.0111375,-0.02145,0.0369875,9.07E-04,0.043377,0.806972,0.588993,0
21960,-0.35595003,0.85305005,9.526951,0.145,0.109,-0.233,-0.485,0.72,9.768,0.025024999,0.0402875,0.0358875,0.001637,0.044328,0.807416,0.588311,0
22001,-0.44895002,0.81000006,10.09395,0.039,0.065,0.284,-0.489,0.724,9.767,-0.007975,0.022275,0.0103125,0.001569,0.044599,0.807771,0.587803,0
22040,-0.507,0.88905007,9.606001,0.002,0.153,-0.19,-0.506,0.745,9.765,0.03135,0.0254375,0.0199375,0.001468,0.045981,0.808007,0.587373,0
22080,-0.351,0.71205,9.68505,0.182,-0.059,-0.094,-0.496,0.754,9.765,0.0048125,-0.0331375,0.015675,0.002133,0.04603,0.808277,0.586996,0
22120,-0.60195005,0.74805003,9.964951,-0.115,-0.006,0.217,-0.497,0.742,9.765,-0.06985,0.038225,-0.0163625,0.001714,0.045579,0.80828,0.587027,0
22160,-0.55395,0.62100005,10.141951,-0.026,-0.086,0.353,-0.518,0.726,9.765,0.032449998,0.0328625,0.0347875,3.71E-04,0.045544,0.808507,0.58672,0
22201,-0.291,0.75000006,9.594001,0.218,0.004,-0.176,-0.504,0.744,9.765,0.0281875,-0.0353375,0.0177375,0.001457,0.045868,0.808958,0.586071,0
22240,-0.62100005,0.726,9.88395,-0.107,-0.03,0.069,-0.505,0.752,9.764,0.0526625,-0.0075625,0.0177375,0.001635,0.046254,0.809043,0.585923,0
22280,-0.43005002,0.77205,9.4480505,0.091,-0.01,-0.269,-0.499,0.773,9.763,-0.027224999,0.0020625,0.029424999,0.002458,0.046937,0.809409,0.585361,0
22320,-0.59505004,0.73305005,10.19295,-0.086,-0.034,0.423,-0.499,0.756,9.764,-0.0111375,-0.0064625,-2.75E-04,0.001969,0.046218,0.809699,0.585018,0
22360,-0.33900002,0.822,9.649051,0.164,0.049,-0.12,-0.49,0.768,9.764,0.0165,-0.0012375,0.0177375,0.002637,0.046465,0.810026,0.584543,0
22401,-0.49905002,0.76005006,9.979951,0.018,0.006,0.151,-0.494,0.769,9.763,0.0474375,-0.0022,-0.0045375,0.00252,0.04666,0.810147,0.584361,0
22440,-0.65295005,0.84105,9.369,-0.184,0.057,-0.337,-0.496,0.787,9.762,-0.0548625,0.0680625,-0.02805,0.002958,0.047427,0.810028,0.584462,0
22480,-0.51105005,0.65400004,10.09395,0.018,-0.108,0.329,-0.522,0.762,9.763,0.0037125,-0.011825,0.029424999,0.001137,0.047144,0.810179,0.584281,0
22520,-0.61005,0.78405005,9.622951,-0.087,0.014,-0.147,-0.515,0.761,9.763,-0.06765,0.0191125,-0.0045375,0.001378,0.0469,0.810385,0.584015,0
22560,-0.59295005,0.702,10.173,-0.066,-0.029,0.355,-0.532,0.737,9.764,0.03135,0.006325,0.0262625,-7.10E-05,0.046457,0.810673,0.583651,0
22601,-0.57795,0.80295,9.537001,-0.041,0.03,-0.215,-0.517,0.759,9.763,-0.00165,-0.01925,0.0242,0.001192,0.046867,0.81102,0.583135,0
22640,-0.57405,0.75495005,10.02705,-0.02,-0.014,0.261,-0.537,0.75,9.763,-0.006875,0.0317625,0.039049998,2.20E-05,0.047111,0.811516,0.582426,0
22680,-0.51405,0.80295,9.670951,0.025,0.05,-0.079,-0.529,0.753,9.763,-0.0314875,-0.0064625,0.0092125,4.04E-04,0.046998,0.811924,0.581867,0
22720,-0.40395,0.75000006,10.02705,0.103,0.032,0.233,-0.526,0.743,9.764,5.50E-04,-0.0075625,0.00605,2.78E-04,0.046507,0.812159,0.581578,0
22760,-0.56595004,0.73305005,9.8550005,-0.025,-0.027,0.124,-0.519,0.748,9.764,0.0122375,-0.0022,0.0209,6.94E-04,0.046512,0.812287,0.581399,0
22801,-0.34095,0.76005006,9.891001,0.167,0.003,0.097,-0.508,0.759,9.763,0.0537625,-0.0033,-0.013062499,0.001427,0.046616,0.812559,0.58101,0
22840,-0.63105005,0.73800004,9.811951,-0.097,-0.04,0.057,-0.501,0.776,9.762,0.0218625,-0.02255,-0.015262499,0.002231,0.047127,0.812307,0.581318,0
22880,-0.55200005,0.74505,9.654,-0.036,-0.049,-0.173,-0.507,0.784,9.761,0.058025,-0.0022,-0.0121,0.002226,0.047661,0.812327,0.581246,0
22920,-0.52095,0.73305005,9.43095,0.013,-0.065,-0.255,-0.503,0.787,9.762,-0.077275,0.006325,-0.02695,0.002495,0.047631,0.812157,0.581484,0
22961,-0.75795,0.64995,10.297951,-0.206,-0.1,0.479,-0.528,0.754,9.763,0.0218625,-1.38E-04,0.0028875,4.84E-04,0.047038,0.812084,0.581641,0
23000,-0.31695002,0.73095006,9.352051,0.21,-0.051,-0.405,-0.51,0.773,9.762,-0.009075,-0.0022,0.0177375,0.001783,0.047267,0.812404,0.581172,0
23040,-0.66195005,0.77895004,10.08195,-0.126,0.027,0.328,-0.527,0.748,9.763,-0.0548625,0.036025,-0.0067375,1.44E-04,0.04683,0.812498,0.581079,0
23080,-0.38700002,0.74805003,9.667951,0.147,-0.014,-0.121,-0.515,0.75,9.764,0.0111375,-0.0331375,0.0209,8.52E-04,0.046445,0.812705,0.580819,0
23120,-0.52095,0.78105,10.13805,-0.006,0.033,0.368,-0.51,0.742,9.765,-0.0452375,-0.010725,-0.0312125,8.04E-04,0.045948,0.812739,0.580811,0
23161,-0.59805006,0.74805003,9.999001,-0.079,-0.014,0.232,-0.506,0.749,9.764,0.125125,-0.0363,0.0103125,0.001325,0.046253,0.812657,0.580902,0
23200,-0.25305,0.846,8.871,0.239,0.04,-0.868,-0.484,0.79,9.762,-0.023924999,0.0083875,-0.0248875,0.0033,0.047181,0.812685,0.580779,0
23240,-0.92595005,0.77895004,10.399051,-0.385,0.034,0.628,-0.527,0.742,9.764,-0.1304875,0.0840125,-0.0567875,-1.10E-05,0.046457,0.812264,0.581436,0
23280,-0.20505,0.62595004,9.690001,0.319,-0.117,-0.081,-0.524,0.73,9.765,0.0207625,0.01265,0.0369875,-5.20E-05,0.045919,0.812499,0.581151,0
23320,-0.94500005,0.84405005,9.99195,-0.453,0.104,0.042,-0.527,0.74,9.764,0.1464375,-0.15785,-0.11,1.32E-04,0.046384,0.812121,0.581641,0
23360,-0.56595004,0.93405,9.649051,-0.05,0.184,-0.024,-0.548,0.741,9.763,-0.20185,0.3205125,-0.011,-6.94E-04,0.047099,0.811683,0.582195,0
23400,-0.40095,0.88395005,10.441951,0.23,0.225,0.656,-0.611,0.687,9.763,0.0292875,-0.15785,0.00605,-0.004942,0.046709,0.811957,0.581823,0
